"file","caption","category","png_time","StartTime"
"bio1_sizeatage.png","Length at age in the beginning of the year (or season) in the ending year of the model. Shaded area indicates 95% distribution of length at age around estimated growth curve.","Bio",2019-07-14 16:03:18,"StartTime: Sat Jul 13 11:08:12 2019"
"bio2_sizeatage_plus_CV_and_SD.png","Length at age (top-left panel) with CV (thick line) and SD (thin line) of length at age shown in top-right and lower-left panels","Bio",2019-07-14 16:03:18,"StartTime: Sat Jul 13 11:08:12 2019"
"bio3_sizeatage_plus_WT_and_MAT.png","Length at age (top-left panel) with weight (thick line) and maturity (thin line) shown in top-right and lower-left panels","Bio",2019-07-14 16:03:18,"StartTime: Sat Jul 13 11:08:12 2019"
"bio1B_len_at_age_matrix_1.png","Distribution of length at age for seas: 1 sub_seas: 1 morph: 1","Bio",2019-07-14 16:03:18,"StartTime: Sat Jul 13 11:08:12 2019"
"bio1B_len_at_age_matrix_2.png","Distribution of length at age for seas: 1 sub_seas: 1 morph: 2","Bio",2019-07-14 16:03:18,"StartTime: Sat Jul 13 11:08:12 2019"
"bio1B_len_at_age_matrix_3.png","Distribution of length at age for seas: 1 sub_seas: 2 morph: 1","Bio",2019-07-14 16:03:18,"StartTime: Sat Jul 13 11:08:12 2019"
"bio1B_len_at_age_matrix_4.png","Distribution of length at age for seas: 1 sub_seas: 2 morph: 2","Bio",2019-07-14 16:03:18,"StartTime: Sat Jul 13 11:08:12 2019"
"bio5_weightatsize.png","Weight-length relationship","Bio",2019-07-14 16:03:18,"StartTime: Sat Jul 13 11:08:12 2019"
"bio6_maturity.png","Maturity at length","Bio",2019-07-14 16:03:18,"StartTime: Sat Jul 13 11:08:12 2019"
"bio7_fecundity.png","Fecundity","Bio",2019-07-14 16:03:18,"StartTime: Sat Jul 13 11:08:12 2019"
"bio8_fecundity_wt.png","Fecundity as a function of weight","Bio",2019-07-14 16:03:18,"StartTime: Sat Jul 13 11:08:12 2019"
"bio9_fecundity_len.png","Fecundity as a function of length","Bio",2019-07-14 16:03:18,"StartTime: Sat Jul 13 11:08:12 2019"
"bio10_spawningoutput_len.png","Spawning output at length. This is the product of maturity and fecundity unless maturity is age-based, in which case only fecundity is represented.","Bio",2019-07-14 16:03:18,"StartTime: Sat Jul 13 11:08:12 2019"
"bio11_spawningoutput_age.png","Spawning output at age. This is the product of maturity and fecundity. When these processes are length-based they are converted into the age dimension using the matrix of length at age.","Bio",2019-07-14 16:03:18,"StartTime: Sat Jul 13 11:08:12 2019"
"sel01_multiple_fleets_length1.png","Selectivity at length for multiple fleets.","Sel",2019-07-14 16:03:18,"StartTime: Sat Jul 13 11:08:12 2019"
"sel02_multiple_fleets_age1.png","Selectivity at age for multiple fleets.","Sel",2019-07-14 16:03:18,"StartTime: Sat Jul 13 11:08:12 2019"
"sel02_multiple_fleets_age2.png","Selectivity at age derived from selectivity at length for multiple fleets.","Sel",2019-07-14 16:03:18,"StartTime: Sat Jul 13 11:08:12 2019"
"sel03_len_timevary_surf_flt1sex1.png","Surface plot of Female time-varying selectivity for Winter (N)","Sel",2019-07-14 16:03:18,"StartTime: Sat Jul 13 11:08:12 2019"
"sel04_len_timevary_contour_flt1sex1.png","Countour plot of Female time-varying selectivity for Winter (N)","Sel",2019-07-14 16:03:18,"StartTime: Sat Jul 13 11:08:12 2019"
"sel05_timevary_ret_surf_flt1sex1.png","Surface plot of Female time-varying retention for Winter (N)","Sel",2019-07-14 16:03:18,"StartTime: Sat Jul 13 11:08:12 2019"
"sel06_timevary_ret_contour_flt1sex1.png","Countour plot of Female time-varying retention for Winter (N)","Sel",2019-07-14 16:03:18,"StartTime: Sat Jul 13 11:08:12 2019"
"sel09_len_flt1sex1.png","Female ending year selectivity for Winter (N)","Sel",2019-07-14 16:03:18,"StartTime: Sat Jul 13 11:08:12 2019"
"sel03_len_timevary_surf_flt1sex2.png","Surface plot of Male time-varying selectivity for Winter (N)","Sel",2019-07-14 16:03:18,"StartTime: Sat Jul 13 11:08:12 2019"
"sel04_len_timevary_contour_flt1sex2.png","Countour plot of Male time-varying selectivity for Winter (N)","Sel",2019-07-14 16:03:18,"StartTime: Sat Jul 13 11:08:12 2019"
"sel05_timevary_ret_surf_flt1sex2.png","Surface plot of Male time-varying retention for Winter (N)","Sel",2019-07-14 16:03:18,"StartTime: Sat Jul 13 11:08:12 2019"
"sel06_timevary_ret_contour_flt1sex2.png","Countour plot of Male time-varying retention for Winter (N)","Sel",2019-07-14 16:03:18,"StartTime: Sat Jul 13 11:08:12 2019"
"sel09_len_flt1sex2.png","Male ending year selectivity for Winter (N)","Sel",2019-07-14 16:03:18,"StartTime: Sat Jul 13 11:08:12 2019"
"sel03_len_timevary_surf_flt2sex1.png","Surface plot of Female time-varying selectivity for Summer (N)","Sel",2019-07-14 16:03:18,"StartTime: Sat Jul 13 11:08:12 2019"
"sel04_len_timevary_contour_flt2sex1.png","Countour plot of Female time-varying selectivity for Summer (N)","Sel",2019-07-14 16:03:18,"StartTime: Sat Jul 13 11:08:12 2019"
"sel05_timevary_ret_surf_flt2sex1.png","Surface plot of Female time-varying retention for Summer (N)","Sel",2019-07-14 16:03:18,"StartTime: Sat Jul 13 11:08:12 2019"
"sel06_timevary_ret_contour_flt2sex1.png","Countour plot of Female time-varying retention for Summer (N)","Sel",2019-07-14 16:03:18,"StartTime: Sat Jul 13 11:08:12 2019"
"sel09_len_flt2sex1.png","Female ending year selectivity for Summer (N)","Sel",2019-07-14 16:03:18,"StartTime: Sat Jul 13 11:08:12 2019"
"sel03_len_timevary_surf_flt2sex2.png","Surface plot of Male time-varying selectivity for Summer (N)","Sel",2019-07-14 16:03:18,"StartTime: Sat Jul 13 11:08:12 2019"
"sel04_len_timevary_contour_flt2sex2.png","Countour plot of Male time-varying selectivity for Summer (N)","Sel",2019-07-14 16:03:18,"StartTime: Sat Jul 13 11:08:12 2019"
"sel05_timevary_ret_surf_flt2sex2.png","Surface plot of Male time-varying retention for Summer (N)","Sel",2019-07-14 16:03:18,"StartTime: Sat Jul 13 11:08:12 2019"
"sel06_timevary_ret_contour_flt2sex2.png","Countour plot of Male time-varying retention for Summer (N)","Sel",2019-07-14 16:03:18,"StartTime: Sat Jul 13 11:08:12 2019"
"sel09_len_flt2sex2.png","Male ending year selectivity for Summer (N)","Sel",2019-07-14 16:03:18,"StartTime: Sat Jul 13 11:08:12 2019"
"sel03_len_timevary_surf_flt3sex1.png","Surface plot of Female time-varying selectivity for Winter (S)","Sel",2019-07-14 16:03:18,"StartTime: Sat Jul 13 11:08:12 2019"
"sel04_len_timevary_contour_flt3sex1.png","Countour plot of Female time-varying selectivity for Winter (S)","Sel",2019-07-14 16:03:18,"StartTime: Sat Jul 13 11:08:12 2019"
"sel05_timevary_ret_surf_flt3sex1.png","Surface plot of Female time-varying retention for Winter (S)","Sel",2019-07-14 16:03:18,"StartTime: Sat Jul 13 11:08:12 2019"
"sel06_timevary_ret_contour_flt3sex1.png","Countour plot of Female time-varying retention for Winter (S)","Sel",2019-07-14 16:03:18,"StartTime: Sat Jul 13 11:08:12 2019"
"sel09_len_flt3sex1.png","Female ending year selectivity for Winter (S)","Sel",2019-07-14 16:03:18,"StartTime: Sat Jul 13 11:08:12 2019"
"sel03_len_timevary_surf_flt3sex2.png","Surface plot of Male time-varying selectivity for Winter (S)","Sel",2019-07-14 16:03:18,"StartTime: Sat Jul 13 11:08:12 2019"
"sel04_len_timevary_contour_flt3sex2.png","Countour plot of Male time-varying selectivity for Winter (S)","Sel",2019-07-14 16:03:18,"StartTime: Sat Jul 13 11:08:12 2019"
"sel05_timevary_ret_surf_flt3sex2.png","Surface plot of Male time-varying retention for Winter (S)","Sel",2019-07-14 16:03:18,"StartTime: Sat Jul 13 11:08:12 2019"
"sel06_timevary_ret_contour_flt3sex2.png","Countour plot of Male time-varying retention for Winter (S)","Sel",2019-07-14 16:03:18,"StartTime: Sat Jul 13 11:08:12 2019"
"sel09_len_flt3sex2.png","Male ending year selectivity for Winter (S)","Sel",2019-07-14 16:03:18,"StartTime: Sat Jul 13 11:08:12 2019"
"sel03_len_timevary_surf_flt4sex1.png","Surface plot of Female time-varying selectivity for Summer (S)","Sel",2019-07-14 16:03:18,"StartTime: Sat Jul 13 11:08:12 2019"
"sel04_len_timevary_contour_flt4sex1.png","Countour plot of Female time-varying selectivity for Summer (S)","Sel",2019-07-14 16:03:18,"StartTime: Sat Jul 13 11:08:12 2019"
"sel05_timevary_ret_surf_flt4sex1.png","Surface plot of Female time-varying retention for Summer (S)","Sel",2019-07-14 16:03:18,"StartTime: Sat Jul 13 11:08:12 2019"
"sel06_timevary_ret_contour_flt4sex1.png","Countour plot of Female time-varying retention for Summer (S)","Sel",2019-07-14 16:03:18,"StartTime: Sat Jul 13 11:08:12 2019"
"sel09_len_flt4sex1.png","Female ending year selectivity for Summer (S)","Sel",2019-07-14 16:03:18,"StartTime: Sat Jul 13 11:08:12 2019"
"sel03_len_timevary_surf_flt4sex2.png","Surface plot of Male time-varying selectivity for Summer (S)","Sel",2019-07-14 16:03:18,"StartTime: Sat Jul 13 11:08:12 2019"
"sel04_len_timevary_contour_flt4sex2.png","Countour plot of Male time-varying selectivity for Summer (S)","Sel",2019-07-14 16:03:18,"StartTime: Sat Jul 13 11:08:12 2019"
"sel05_timevary_ret_surf_flt4sex2.png","Surface plot of Male time-varying retention for Summer (S)","Sel",2019-07-14 16:03:18,"StartTime: Sat Jul 13 11:08:12 2019"
"sel06_timevary_ret_contour_flt4sex2.png","Countour plot of Male time-varying retention for Summer (S)","Sel",2019-07-14 16:03:18,"StartTime: Sat Jul 13 11:08:12 2019"
"sel09_len_flt4sex2.png","Male ending year selectivity for Summer (S)","Sel",2019-07-14 16:03:18,"StartTime: Sat Jul 13 11:08:12 2019"
"sel09_len_flt5sex1.png","Female ending year selectivity for Triennial - Early","Sel",2019-07-14 16:03:18,"StartTime: Sat Jul 13 11:08:12 2019"
"sel09_len_flt5sex2.png","Male ending year selectivity for Triennial - Early","Sel",2019-07-14 16:03:18,"StartTime: Sat Jul 13 11:08:12 2019"
"sel09_len_flt6sex1.png","Female ending year selectivity for Triennial - Late","Sel",2019-07-14 16:03:18,"StartTime: Sat Jul 13 11:08:12 2019"
"sel09_len_flt6sex2.png","Male ending year selectivity for Triennial - Late","Sel",2019-07-14 16:03:18,"StartTime: Sat Jul 13 11:08:12 2019"
"sel09_len_flt7sex1.png","Female ending year selectivity for NWFSC West Coast Groundfish Bottom Trawl Survey","Sel",2019-07-14 16:03:18,"StartTime: Sat Jul 13 11:08:12 2019"
"sel09_len_flt7sex2.png","Male ending year selectivity for NWFSC West Coast Groundfish Bottom Trawl Survey","Sel",2019-07-14 16:03:18,"StartTime: Sat Jul 13 11:08:12 2019"
"sel21_agelen_contour_flt1sex1.png","Female ending year selectivity and growth for Winter (N)","Sel",2019-07-14 16:03:18,"StartTime: Sat Jul 13 11:08:12 2019"
"sel21_agelen_contour_flt1sex2.png","Male ending year selectivity and growth for Winter (N)","Sel",2019-07-14 16:03:18,"StartTime: Sat Jul 13 11:08:12 2019"
"sel21_agelen_contour_flt2sex1.png","Female ending year selectivity and growth for Summer (N)","Sel",2019-07-14 16:03:18,"StartTime: Sat Jul 13 11:08:12 2019"
"sel21_agelen_contour_flt2sex2.png","Male ending year selectivity and growth for Summer (N)","Sel",2019-07-14 16:03:18,"StartTime: Sat Jul 13 11:08:12 2019"
"sel21_agelen_contour_flt3sex1.png","Female ending year selectivity and growth for Winter (S)","Sel",2019-07-14 16:03:18,"StartTime: Sat Jul 13 11:08:12 2019"
"sel21_agelen_contour_flt3sex2.png","Male ending year selectivity and growth for Winter (S)","Sel",2019-07-14 16:03:18,"StartTime: Sat Jul 13 11:08:12 2019"
"sel21_agelen_contour_flt4sex1.png","Female ending year selectivity and growth for Summer (S)","Sel",2019-07-14 16:03:18,"StartTime: Sat Jul 13 11:08:12 2019"
"sel21_agelen_contour_flt4sex2.png","Male ending year selectivity and growth for Summer (S)","Sel",2019-07-14 16:03:18,"StartTime: Sat Jul 13 11:08:12 2019"
"sel21_agelen_contour_flt5sex1.png","Female ending year selectivity and growth for Triennial - Early","Sel",2019-07-14 16:03:18,"StartTime: Sat Jul 13 11:08:12 2019"
"sel21_agelen_contour_flt5sex2.png","Male ending year selectivity and growth for Triennial - Early","Sel",2019-07-14 16:03:18,"StartTime: Sat Jul 13 11:08:12 2019"
"sel21_agelen_contour_flt6sex1.png","Female ending year selectivity and growth for Triennial - Late","Sel",2019-07-14 16:03:18,"StartTime: Sat Jul 13 11:08:12 2019"
"sel21_agelen_contour_flt6sex2.png","Male ending year selectivity and growth for Triennial - Late","Sel",2019-07-14 16:03:18,"StartTime: Sat Jul 13 11:08:12 2019"
"sel21_agelen_contour_flt7sex1.png","Female ending year selectivity and growth for NWFSC West Coast Groundfish Bottom Trawl Survey","Sel",2019-07-14 16:03:18,"StartTime: Sat Jul 13 11:08:12 2019"
"sel21_agelen_contour_flt7sex2.png","Male ending year selectivity and growth for NWFSC West Coast Groundfish Bottom Trawl Survey","Sel",2019-07-14 16:03:18,"StartTime: Sat Jul 13 11:08:12 2019"
"ts1_Total_biomass_(mt).png","Total biomass (mt)","Timeseries",2019-07-14 16:03:18,"StartTime: Sat Jul 13 11:08:12 2019"
"ts4_Summary_biomass_(mt).png","Summary biomass (mt)","Timeseries",2019-07-14 16:03:18,"StartTime: Sat Jul 13 11:08:12 2019"
"ts7_Spawning_biomass_(mt).png","Spawning biomass (mt)","Timeseries",2019-07-14 16:03:18,"StartTime: Sat Jul 13 11:08:12 2019"
"ts7_Spawning_biomass_(mt)_with_95_asymptotic_intervals_intervals.png","Spawning biomass (mt) with ~95% asymptotic intervals","Timeseries",2019-07-14 16:03:18,"StartTime: Sat Jul 13 11:08:12 2019"
"ts9_unfished.png","%unfished","Timeseries",2019-07-14 16:03:18,"StartTime: Sat Jul 13 11:08:12 2019"
"ts9_unfished_with_95_asymptotic_intervals_intervals.png","%unfished with ~95% asymptotic intervals","Timeseries",2019-07-14 16:03:18,"StartTime: Sat Jul 13 11:08:12 2019"
"ts11_Age-0_recruits_(1000s).png","Age-0 recruits (1,000s)","Timeseries",2019-07-14 16:03:18,"StartTime: Sat Jul 13 11:08:12 2019"
"ts11_Age-0_recruits_(1000s)_with_95_asymptotic_intervals.png","Age-0 recruits (1,000s) with ~95% asymptotic intervals","Timeseries",2019-07-14 16:03:18,"StartTime: Sat Jul 13 11:08:12 2019"
"ts_summaryF.png","Summary F (definition of F depends on setting in starter.ss)","Timeseries",2019-07-14 16:03:18,"StartTime: Sat Jul 13 11:08:12 2019"
"recdevs1_points.png","Recruitment deviations","RecDev",2019-07-14 16:03:18,"StartTime: Sat Jul 13 11:08:12 2019"
"recdevs2_withbars.png","Recruitment deviations with 95% intervals","RecDev",2019-07-14 16:03:18,"StartTime: Sat Jul 13 11:08:12 2019"
"recdevs3_varcheck.png","Recruitment deviations variance check.<br> See later figure of transformed variance values for comparison with bias adjustment settings in the model.","RecDev",2019-07-14 16:03:18,"StartTime: Sat Jul 13 11:08:12 2019"
"recruit_fit_bias_adjust.png","Points are transformed variances. Red line shows current settings forfor bias adjustment specified in control file.Blue line shows least squares estimate of alternative bias adjustmentrelationship for recruitment deviations (which may or may not be animprovement. For more information, see<br> 
<blockquote>Methot, R.D. and Taylor, I.G., 2011. Adjusting for bias due to variability of estimated recruitments in fishery assessment models. <i>Can. J. Fish. Aquat. Sci.</i>, 68:1744-1760.</blockquote><br> 
Estimated alternative inputs to SS control file associated with blue line in figure: 
<pre>1953.2   #_last_early_yr_nobias_adj_in_MPD 
1963.7   #_first_yr_fullbias_adj_in_MPD 
2015.1   #_last_yr_fullbias_adj_in_MPD 
2017.4   #_first_recent_yr_nobias_adj_in_MPD 
0.7577   #_max_bias_adj_in_MPD (1.0 to mimic pre-2009 models)   </pre>","RecDev",2019-07-14 16:03:18,"StartTime: Sat Jul 13 11:08:12 2019"
"SR_curve.png","Stock-recruit curve.  Point colors indicate year, with warmer colors indicating earlier years and cooler colors in showing later years.","S-R",2019-07-14 16:03:18,"StartTime: Sat Jul 13 11:08:12 2019"
"SR_curve2.png","Stock-recruit curve with labels on first, last, and years with (log) deviations > 0.5. Point colors indicate year, with warmer colors indicating earlier years and cooler colors in showing later years.","S-R",2019-07-14 16:03:18,"StartTime: Sat Jul 13 11:08:12 2019"
"SR_resids.png","Deviations around the stock-recruit curve. Labels are on first, last, and years with (log) deviations > 0.5. Point colors indicate year, with warmer colors indicating earlier years and cooler colors in showing later years.","S-R",2019-07-14 16:03:18,"StartTime: Sat Jul 13 11:08:12 2019"
"catch1 landings.png","landings","Catch",2019-07-14 16:03:18,"StartTime: Sat Jul 13 11:08:12 2019"
"catch2 landings stacked.png","landings stacked","Catch",2019-07-14 16:03:18,"StartTime: Sat Jul 13 11:08:12 2019"
"catch4 total catch (including discards).png","total catch (including discards)","Catch",2019-07-14 16:03:18,"StartTime: Sat Jul 13 11:08:12 2019"
"catch5 total catch (including discards) stacked.png","total catch (including discards) stacked","Catch",2019-07-14 16:03:18,"StartTime: Sat Jul 13 11:08:12 2019"
"catch6 discards.png","discards","Catch",2019-07-14 16:03:18,"StartTime: Sat Jul 13 11:08:12 2019"
"catch7 discards stacked plot (depends on multiple fleets).png","discards stacked plot (depends on multiple fleets)","Catch",2019-07-14 16:03:18,"StartTime: Sat Jul 13 11:08:12 2019"
"catch8 discard fraction.png","discard fraction","Catch",2019-07-14 16:03:18,"StartTime: Sat Jul 13 11:08:12 2019"
"catch9 harvest rate.png","harvest rate","Catch",2019-07-14 16:03:18,"StartTime: Sat Jul 13 11:08:12 2019"
"SPR1_series.png","Timeseries of SPR","SPR",2019-07-14 16:03:18,"StartTime: Sat Jul 13 11:08:12 2019"
"SPR2_minusSPRseries.png","Timeseries of 1-SPR","SPR",2019-07-14 16:03:18,"StartTime: Sat Jul 13 11:08:12 2019"
"SPR3_ratiointerval.png","Timeseries of SPR ratio","SPR",2019-07-14 16:03:18,"StartTime: Sat Jul 13 11:08:12 2019"
"SPR4_phase.png","Phase plot of biomass ratio vs. SPR ratio","SPR",2019-07-14 16:03:18,"StartTime: Sat Jul 13 11:08:12 2019"
"discard_dataWinter (N).png","Discard fraction for Winter (N)","Discard",2019-07-14 16:03:18,"StartTime: Sat Jul 13 11:08:12 2019"
"discard_fitWinter (N).png","Discard fraction for Winter (N)","Discard",2019-07-14 16:03:18,"StartTime: Sat Jul 13 11:08:12 2019"
"discard_dataSummer (N).png","Discard fraction for Summer (N)","Discard",2019-07-14 16:03:18,"StartTime: Sat Jul 13 11:08:12 2019"
"discard_fitSummer (N).png","Discard fraction for Summer (N)","Discard",2019-07-14 16:03:18,"StartTime: Sat Jul 13 11:08:12 2019"
"discard_dataWinter (S).png","Discard fraction for Winter (S)","Discard",2019-07-14 16:03:18,"StartTime: Sat Jul 13 11:08:12 2019"
"discard_fitWinter (S).png","Discard fraction for Winter (S)","Discard",2019-07-14 16:03:18,"StartTime: Sat Jul 13 11:08:12 2019"
"discard_dataSummer (S).png","Discard fraction for Summer (S)","Discard",2019-07-14 16:03:18,"StartTime: Sat Jul 13 11:08:12 2019"
"discard_fitSummer (S).png","Discard fraction for Summer (S)","Discard",2019-07-14 16:03:18,"StartTime: Sat Jul 13 11:08:12 2019"
"bodywt_data_fltWinter (N).png","Mean weight in discard for Winter (N)","Mnwt",2019-07-14 16:03:18,"StartTime: Sat Jul 13 11:08:12 2019"
"bodywt_fit_fltWinter (N).png","Mean weight in discard for Winter (N)","Mnwt",2019-07-14 16:03:18,"StartTime: Sat Jul 13 11:08:12 2019"
"bodywt_data_fltSummer (N).png","Mean weight in discard for Summer (N)","Mnwt",2019-07-14 16:03:18,"StartTime: Sat Jul 13 11:08:12 2019"
"bodywt_fit_fltSummer (N).png","Mean weight in discard for Summer (N)","Mnwt",2019-07-14 16:03:18,"StartTime: Sat Jul 13 11:08:12 2019"
"bodywt_data_fltWinter (S).png","Mean weight in discard for Winter (S)","Mnwt",2019-07-14 16:03:18,"StartTime: Sat Jul 13 11:08:12 2019"
"bodywt_fit_fltWinter (S).png","Mean weight in discard for Winter (S)","Mnwt",2019-07-14 16:03:18,"StartTime: Sat Jul 13 11:08:12 2019"
"bodywt_data_fltSummer (S).png","Mean weight in discard for Summer (S)","Mnwt",2019-07-14 16:03:18,"StartTime: Sat Jul 13 11:08:12 2019"
"bodywt_fit_fltSummer (S).png","Mean weight in discard for Summer (S)","Mnwt",2019-07-14 16:03:18,"StartTime: Sat Jul 13 11:08:12 2019"
"index1_cpuedata_Winter (N).png","Index data for Winter (N). Lines indicate 95% uncertainty interval around index values. Thicker lines (if present) indicate input uncertainty before addition of estimated additional uncertainty parameter.","Index",2019-07-14 16:03:18,"StartTime: Sat Jul 13 11:08:12 2019"
"index2_cpuefit_Winter (N).png","Fit to index data for Winter (N). Lines indicate 95% uncertainty interval around index values. Thicker lines (if present) indicate input uncertainty before addition of estimated additional uncertainty parameter.","Index",2019-07-14 16:03:18,"StartTime: Sat Jul 13 11:08:12 2019"
"index3_cpuecheck_Winter (N).png","Observed vs. expected index values with smoother for Winter (N)","Index",2019-07-14 16:03:18,"StartTime: Sat Jul 13 11:08:12 2019"
"index4_logcpuedata_Winter (N).png","Log index data for Winter (N). Lines indicate 95% uncertainty interval around index values. Thicker lines (if present) indicate input uncertainty before addition of estimated additional uncertainty parameter.","Index",2019-07-14 16:03:18,"StartTime: Sat Jul 13 11:08:12 2019"
"index5_logcpuefit_Winter (N).png","Fit to log index data on log scale for Winter (N). Lines indicate 95% uncertainty interval around index values. Thicker lines (if present) indicate input uncertainty before addition of estimated additional uncertainty parameter.","Index",2019-07-14 16:03:18,"StartTime: Sat Jul 13 11:08:12 2019"
"index6_logcpuecheck_Winter (N).png","log(observed) vs. log(expected) index values with smoother for Winter (N)","Index",2019-07-14 16:03:18,"StartTime: Sat Jul 13 11:08:12 2019"
"index7_timevaryingQ_Winter (N).png","Timeseries of catchability for Winter (N)","Index",2019-07-14 16:03:18,"StartTime: Sat Jul 13 11:08:12 2019"
"index8_Q_vs_Vuln_bio_Winter (N).png","Catchability vs. vulnerable biomass for fleet Winter (N)<br> 
This plot should illustrate curvature of nonlinear catchability relationship<br> 
Or reveal patterns associated with random-walk catchability<br> 
It was inspired by Jim Thorson, so blame him if you don't like it.","Index",2019-07-14 16:03:18,"StartTime: Sat Jul 13 11:08:12 2019"
"index1_cpuedata_Winter (S).png","Index data for Winter (S). Lines indicate 95% uncertainty interval around index values. Thicker lines (if present) indicate input uncertainty before addition of estimated additional uncertainty parameter.","Index",2019-07-14 16:03:18,"StartTime: Sat Jul 13 11:08:12 2019"
"index2_cpuefit_Winter (S).png","Fit to index data for Winter (S). Lines indicate 95% uncertainty interval around index values. Thicker lines (if present) indicate input uncertainty before addition of estimated additional uncertainty parameter.","Index",2019-07-14 16:03:18,"StartTime: Sat Jul 13 11:08:12 2019"
"index3_cpuecheck_Winter (S).png","Observed vs. expected index values with smoother for Winter (S)","Index",2019-07-14 16:03:18,"StartTime: Sat Jul 13 11:08:12 2019"
"index4_logcpuedata_Winter (S).png","Log index data for Winter (S). Lines indicate 95% uncertainty interval around index values. Thicker lines (if present) indicate input uncertainty before addition of estimated additional uncertainty parameter.","Index",2019-07-14 16:03:18,"StartTime: Sat Jul 13 11:08:12 2019"
"index5_logcpuefit_Winter (S).png","Fit to log index data on log scale for Winter (S). Lines indicate 95% uncertainty interval around index values. Thicker lines (if present) indicate input uncertainty before addition of estimated additional uncertainty parameter.","Index",2019-07-14 16:03:18,"StartTime: Sat Jul 13 11:08:12 2019"
"index6_logcpuecheck_Winter (S).png","log(observed) vs. log(expected) index values with smoother for Winter (S)","Index",2019-07-14 16:03:18,"StartTime: Sat Jul 13 11:08:12 2019"
"index7_timevaryingQ_Winter (S).png","Timeseries of catchability for Winter (S)","Index",2019-07-14 16:03:18,"StartTime: Sat Jul 13 11:08:12 2019"
"index8_Q_vs_Vuln_bio_Winter (S).png","Catchability vs. vulnerable biomass for fleet Winter (S)<br> 
This plot should illustrate curvature of nonlinear catchability relationship<br> 
Or reveal patterns associated with random-walk catchability<br> 
It was inspired by Jim Thorson, so blame him if you don't like it.","Index",2019-07-14 16:03:18,"StartTime: Sat Jul 13 11:08:12 2019"
"index1_cpuedata_Triennial - Early.png","Index data for Triennial - Early. Lines indicate 95% uncertainty interval around index values. Thicker lines (if present) indicate input uncertainty before addition of estimated additional uncertainty parameter.","Index",2019-07-14 16:03:18,"StartTime: Sat Jul 13 11:08:12 2019"
"index2_cpuefit_Triennial - Early.png","Fit to index data for Triennial - Early. Lines indicate 95% uncertainty interval around index values. Thicker lines (if present) indicate input uncertainty before addition of estimated additional uncertainty parameter.","Index",2019-07-14 16:03:18,"StartTime: Sat Jul 13 11:08:12 2019"
"index3_cpuecheck_Triennial - Early.png","Observed vs. expected index values with smoother for Triennial - Early","Index",2019-07-14 16:03:18,"StartTime: Sat Jul 13 11:08:12 2019"
"index4_logcpuedata_Triennial - Early.png","Log index data for Triennial - Early. Lines indicate 95% uncertainty interval around index values. Thicker lines (if present) indicate input uncertainty before addition of estimated additional uncertainty parameter.","Index",2019-07-14 16:03:18,"StartTime: Sat Jul 13 11:08:12 2019"
"index5_logcpuefit_Triennial - Early.png","Fit to log index data on log scale for Triennial - Early. Lines indicate 95% uncertainty interval around index values. Thicker lines (if present) indicate input uncertainty before addition of estimated additional uncertainty parameter.","Index",2019-07-14 16:03:18,"StartTime: Sat Jul 13 11:08:12 2019"
"index6_logcpuecheck_Triennial - Early.png","log(observed) vs. log(expected) index values with smoother for Triennial - Early","Index",2019-07-14 16:03:18,"StartTime: Sat Jul 13 11:08:12 2019"
"index1_cpuedata_Triennial - Late.png","Index data for Triennial - Late. Lines indicate 95% uncertainty interval around index values. Thicker lines (if present) indicate input uncertainty before addition of estimated additional uncertainty parameter.","Index",2019-07-14 16:03:18,"StartTime: Sat Jul 13 11:08:12 2019"
"index2_cpuefit_Triennial - Late.png","Fit to index data for Triennial - Late. Lines indicate 95% uncertainty interval around index values. Thicker lines (if present) indicate input uncertainty before addition of estimated additional uncertainty parameter.","Index",2019-07-14 16:03:18,"StartTime: Sat Jul 13 11:08:12 2019"
"index3_cpuecheck_Triennial - Late.png","Observed vs. expected index values with smoother for Triennial - Late","Index",2019-07-14 16:03:18,"StartTime: Sat Jul 13 11:08:12 2019"
"index4_logcpuedata_Triennial - Late.png","Log index data for Triennial - Late. Lines indicate 95% uncertainty interval around index values. Thicker lines (if present) indicate input uncertainty before addition of estimated additional uncertainty parameter.","Index",2019-07-14 16:03:18,"StartTime: Sat Jul 13 11:08:12 2019"
"index5_logcpuefit_Triennial - Late.png","Fit to log index data on log scale for Triennial - Late. Lines indicate 95% uncertainty interval around index values. Thicker lines (if present) indicate input uncertainty before addition of estimated additional uncertainty parameter.","Index",2019-07-14 16:03:18,"StartTime: Sat Jul 13 11:08:12 2019"
"index6_logcpuecheck_Triennial - Late.png","log(observed) vs. log(expected) index values with smoother for Triennial - Late","Index",2019-07-14 16:03:18,"StartTime: Sat Jul 13 11:08:12 2019"
"index1_cpuedata_NWFSC West Coast Groundfish Bottom Trawl Survey.png","Index data for NWFSC West Coast Groundfish Bottom Trawl Survey. Lines indicate 95% uncertainty interval around index values. Thicker lines (if present) indicate input uncertainty before addition of estimated additional uncertainty parameter.","Index",2019-07-14 16:03:18,"StartTime: Sat Jul 13 11:08:12 2019"
"index2_cpuefit_NWFSC West Coast Groundfish Bottom Trawl Survey.png","Fit to index data for NWFSC West Coast Groundfish Bottom Trawl Survey. Lines indicate 95% uncertainty interval around index values. Thicker lines (if present) indicate input uncertainty before addition of estimated additional uncertainty parameter.","Index",2019-07-14 16:03:18,"StartTime: Sat Jul 13 11:08:12 2019"
"index3_cpuecheck_NWFSC West Coast Groundfish Bottom Trawl Survey.png","Observed vs. expected index values with smoother for NWFSC West Coast Groundfish Bottom Trawl Survey","Index",2019-07-14 16:03:18,"StartTime: Sat Jul 13 11:08:12 2019"
"index4_logcpuedata_NWFSC West Coast Groundfish Bottom Trawl Survey.png","Log index data for NWFSC West Coast Groundfish Bottom Trawl Survey. Lines indicate 95% uncertainty interval around index values. Thicker lines (if present) indicate input uncertainty before addition of estimated additional uncertainty parameter.","Index",2019-07-14 16:03:18,"StartTime: Sat Jul 13 11:08:12 2019"
"index5_logcpuefit_NWFSC West Coast Groundfish Bottom Trawl Survey.png","Fit to log index data on log scale for NWFSC West Coast Groundfish Bottom Trawl Survey. Lines indicate 95% uncertainty interval around index values. Thicker lines (if present) indicate input uncertainty before addition of estimated additional uncertainty parameter.","Index",2019-07-14 16:03:18,"StartTime: Sat Jul 13 11:08:12 2019"
"index6_logcpuecheck_NWFSC West Coast Groundfish Bottom Trawl Survey.png","log(observed) vs. log(expected) index values with smoother for NWFSC West Coast Groundfish Bottom Trawl Survey","Index",2019-07-14 16:03:18,"StartTime: Sat Jul 13 11:08:12 2019"
"index9_standcpueall.png","Standardized indices overlaid","Index",2019-07-14 16:03:18,"StartTime: Sat Jul 13 11:08:12 2019"
"numbers1_sex1_beg.png","Beginning of year expected numbers at age of females in (max ~ 20.0 million)","Numbers",2019-07-14 16:03:18,"StartTime: Sat Jul 13 11:08:12 2019"
"numbers1_sex2_beg.png","Beginning of year expected numbers at age of males in (max ~ 20.0 million)","Numbers",2019-07-14 16:03:18,"StartTime: Sat Jul 13 11:08:12 2019"
"numbers2_meanage_beg.png","Beginning of year mean age in the population","Numbers",2019-07-14 16:03:18,"StartTime: Sat Jul 13 11:08:12 2019"
"numbers1_sex1_mid.png","Middle of year expected numbers at age of females in (max ~ 18.5 million)","Numbers",2019-07-14 16:03:18,"StartTime: Sat Jul 13 11:08:12 2019"
"numbers1_sex2_mid.png","Middle of year expected numbers at age of males in (max ~ 18.4 million)","Numbers",2019-07-14 16:03:18,"StartTime: Sat Jul 13 11:08:12 2019"
"numbers2_meanage_mid.png","Middle of year mean age in the population","Numbers",2019-07-14 16:03:18,"StartTime: Sat Jul 13 11:08:12 2019"
"numbers3_frac_female_age.png","Fraction female in numbers at age","Numbers",2019-07-14 16:03:18,"StartTime: Sat Jul 13 11:08:12 2019"
"numbers6_len_sex1.png","Beginning of year expected numbers at length of females in (max ~ 20.2 million)","Numbers",2019-07-14 16:03:18,"StartTime: Sat Jul 13 11:08:12 2019"
"numbers6_len_sex2.png","Beginning of year expected numbers at length of males in (max ~ 20.0 million)","Numbers",2019-07-14 16:03:18,"StartTime: Sat Jul 13 11:08:12 2019"
"numbers7_meanlen.png","Beginning of year mean length (cm) in the population","Numbers",2019-07-14 16:03:18,"StartTime: Sat Jul 13 11:08:12 2019"
"numbers6_len_sex1.png","Middle of year expected numbers at length of females in (max ~ 10.6 million)","Numbers",2019-07-14 16:03:18,"StartTime: Sat Jul 13 11:08:12 2019"
"numbers6_len_sex2.png","Middle of year expected numbers at length of males in (max ~ 13.0 million)","Numbers",2019-07-14 16:03:18,"StartTime: Sat Jul 13 11:08:12 2019"
"numbers7_meanlen.png","Middle of year mean length (cm) in the population","Numbers",2019-07-14 16:03:18,"StartTime: Sat Jul 13 11:08:12 2019"
"numbers8_frac_female_len.png","Middle of year mean length (cm) in the population","Numbers",2019-07-14 16:03:18,"StartTime: Sat Jul 13 11:08:12 2019"
"numbers4_equilagecomp.png","Equilibrium age distribution","Numbers",2019-07-14 16:03:18,"StartTime: Sat Jul 13 11:08:12 2019"
"numbers5_ageerrorSD.png","Ageing imprecision: SD of observed age (yr)","Numbers",2019-07-14 16:03:18,"StartTime: Sat Jul 13 11:08:12 2019"
"numbers5_ageerrorMeans.png","Ageing imprecision: Mean observed age (yr)","Numbers",2019-07-14 16:03:18,"StartTime: Sat Jul 13 11:08:12 2019"
"numbers5_ageerror_matrix_1.png","Ageing imprecision: matrix for method 1 <br>(White = 1.0, Orange = 0.5, Red = 0.0)","Numbers",2019-07-14 16:03:18,"StartTime: Sat Jul 13 11:08:12 2019"
"numbers5_ageerror_matrix_2.png","Ageing imprecision: matrix for method 2 <br>(White = 1.0, Orange = 0.5, Red = 0.0)","Numbers",2019-07-14 16:03:18,"StartTime: Sat Jul 13 11:08:12 2019"
"numbers5_ageerror_matrix_3.png","Ageing imprecision: matrix for method 3 <br>(White = 1.0, Orange = 0.5, Red = 0.0)","Numbers",2019-07-14 16:03:18,"StartTime: Sat Jul 13 11:08:12 2019"
"numbers5_ageerror_matrix_4.png","Ageing imprecision: matrix for method 4 <br>(White = 1.0, Orange = 0.5, Red = 0.0)","Numbers",2019-07-14 16:03:18,"StartTime: Sat Jul 13 11:08:12 2019"
"numbers5_ageerror_matrix_5.png","Ageing imprecision: matrix for method 5 <br>(White = 1.0, Orange = 0.5, Red = 0.0)","Numbers",2019-07-14 16:03:18,"StartTime: Sat Jul 13 11:08:12 2019"
"numbers5_ageerror_matrix_6.png","Ageing imprecision: matrix for method 6 <br>(White = 1.0, Orange = 0.5, Red = 0.0)","Numbers",2019-07-14 16:03:18,"StartTime: Sat Jul 13 11:08:12 2019"
"numbers5_ageerror_matrix_7.png","Ageing imprecision: matrix for method 7 <br>(White = 1.0, Orange = 0.5, Red = 0.0)","Numbers",2019-07-14 16:03:18,"StartTime: Sat Jul 13 11:08:12 2019"
"numbers5_ageerror_matrix_8.png","Ageing imprecision: matrix for method 8 <br>(White = 1.0, Orange = 0.5, Red = 0.0)","Numbers",2019-07-14 16:03:18,"StartTime: Sat Jul 13 11:08:12 2019"
"numbers10_ageerror_matrix_1.png","Distribution of observed age at true age 
 for ageing error type 1","Numbers",2019-07-14 16:03:18,"StartTime: Sat Jul 13 11:08:12 2019"
"numbers10_ageerror_matrix_2.png","Distribution of observed age at true age 
 for ageing error type 2","Numbers",2019-07-14 16:03:18,"StartTime: Sat Jul 13 11:08:12 2019"
"numbers10_ageerror_matrix_3.png","Distribution of observed age at true age 
 for ageing error type 3","Numbers",2019-07-14 16:03:18,"StartTime: Sat Jul 13 11:08:12 2019"
"numbers10_ageerror_matrix_4.png","Distribution of observed age at true age 
 for ageing error type 4","Numbers",2019-07-14 16:03:18,"StartTime: Sat Jul 13 11:08:12 2019"
"numbers10_ageerror_matrix_5.png","Distribution of observed age at true age 
 for ageing error type 5","Numbers",2019-07-14 16:03:18,"StartTime: Sat Jul 13 11:08:12 2019"
"numbers10_ageerror_matrix_6.png","Distribution of observed age at true age 
 for ageing error type 6","Numbers",2019-07-14 16:03:18,"StartTime: Sat Jul 13 11:08:12 2019"
"numbers10_ageerror_matrix_7.png","Distribution of observed age at true age 
 for ageing error type 7","Numbers",2019-07-14 16:03:18,"StartTime: Sat Jul 13 11:08:12 2019"
"numbers10_ageerror_matrix_8.png","Distribution of observed age at true age 
 for ageing error type 8","Numbers",2019-07-14 16:03:18,"StartTime: Sat Jul 13 11:08:12 2019"
"comp_lendat_flt1mkt2_page1.png","Length comp data, retained, Winter (N) (plot 1 of 3).<br><br>'N adj.' is the input sample size after data-weighting adjustment. N eff. is the calculated effective sample size used in the McAllister-Iannelli tuning method.","CompDat",2019-07-14 16:03:18,"StartTime: Sat Jul 13 11:08:12 2019"
"comp_lendat_flt1mkt2_page2.png","Length comp data, retained, Winter (N) (plot 2 of 3)","CompDat",2019-07-14 16:03:18,"StartTime: Sat Jul 13 11:08:12 2019"
"comp_lendat_flt1mkt2_page3.png","Length comp data, retained, Winter (N) (plot 3 of 3)","CompDat",2019-07-14 16:03:18,"StartTime: Sat Jul 13 11:08:12 2019"
"comp_lendat_bubflt1mkt2_page3.png","Length comp data, retained, Winter (N) (max=0.34) (plot 3 of 3)","CompDat",2019-07-14 16:03:18,"StartTime: Sat Jul 13 11:08:12 2019"
"comp_lendat_data_weighting_TA1.8_Winter (N).png","Mean length for Winter (N) with 95% confidence intervals based on current samples sizes.","CompDat",2019-07-14 16:03:18,"StartTime: Sat Jul 13 11:08:12 2019"
"comp_lendat_flt1mkt1.png","Length comp data, discard, Winter (N).<br><br>'N adj.' is the input sample size after data-weighting adjustment. N eff. is the calculated effective sample size used in the McAllister-Iannelli tuning method.","CompDat",2019-07-14 16:03:18,"StartTime: Sat Jul 13 11:08:12 2019"
"comp_lendat_bubflt1mkt1.png","Length comp data, discard, Winter (N) (max=0.63)","CompDat",2019-07-14 16:03:18,"StartTime: Sat Jul 13 11:08:12 2019"
"comp_lendat_data_weighting_TA1.8_Winter (N).png","Mean length for Winter (N) with 95% confidence intervals based on current samples sizes.","CompDat",2019-07-14 16:03:18,"StartTime: Sat Jul 13 11:08:12 2019"
"comp_lendat_flt2mkt2_page1.png","Length comp data, retained, Summer (N) (plot 1 of 4).<br><br>'N adj.' is the input sample size after data-weighting adjustment. N eff. is the calculated effective sample size used in the McAllister-Iannelli tuning method.","CompDat",2019-07-14 16:03:18,"StartTime: Sat Jul 13 11:08:12 2019"
"comp_lendat_flt2mkt2_page2.png","Length comp data, retained, Summer (N) (plot 2 of 4)","CompDat",2019-07-14 16:03:18,"StartTime: Sat Jul 13 11:08:12 2019"
"comp_lendat_flt2mkt2_page3.png","Length comp data, retained, Summer (N) (plot 3 of 4)","CompDat",2019-07-14 16:03:18,"StartTime: Sat Jul 13 11:08:12 2019"
"comp_lendat_flt2mkt2_page4.png","Length comp data, retained, Summer (N) (plot 4 of 4)","CompDat",2019-07-14 16:03:18,"StartTime: Sat Jul 13 11:08:12 2019"
"comp_lendat_bubflt2mkt2_page4.png","Length comp data, retained, Summer (N) (max=0.27) (plot 4 of 4)","CompDat",2019-07-14 16:03:18,"StartTime: Sat Jul 13 11:08:12 2019"
"comp_lendat_data_weighting_TA1.8_Summer (N).png","Mean length for Summer (N) with 95% confidence intervals based on current samples sizes.","CompDat",2019-07-14 16:03:18,"StartTime: Sat Jul 13 11:08:12 2019"
"comp_lendat_flt2mkt1.png","Length comp data, discard, Summer (N).<br><br>'N adj.' is the input sample size after data-weighting adjustment. N eff. is the calculated effective sample size used in the McAllister-Iannelli tuning method.","CompDat",2019-07-14 16:03:18,"StartTime: Sat Jul 13 11:08:12 2019"
"comp_lendat_bubflt2mkt1.png","Length comp data, discard, Summer (N) (max=0.32)","CompDat",2019-07-14 16:03:18,"StartTime: Sat Jul 13 11:08:12 2019"
"comp_lendat_data_weighting_TA1.8_Summer (N).png","Mean length for Summer (N) with 95% confidence intervals based on current samples sizes.","CompDat",2019-07-14 16:03:18,"StartTime: Sat Jul 13 11:08:12 2019"
"comp_lendat_flt3mkt2_page1.png","Length comp data, retained, Winter (S) (plot 1 of 3).<br><br>'N adj.' is the input sample size after data-weighting adjustment. N eff. is the calculated effective sample size used in the McAllister-Iannelli tuning method.","CompDat",2019-07-14 16:03:18,"StartTime: Sat Jul 13 11:08:12 2019"
"comp_lendat_flt3mkt2_page2.png","Length comp data, retained, Winter (S) (plot 2 of 3)","CompDat",2019-07-14 16:03:18,"StartTime: Sat Jul 13 11:08:12 2019"
"comp_lendat_flt3mkt2_page3.png","Length comp data, retained, Winter (S) (plot 3 of 3)","CompDat",2019-07-14 16:03:18,"StartTime: Sat Jul 13 11:08:12 2019"
"comp_lendat_bubflt3mkt2_page3.png","Length comp data, retained, Winter (S) (max=0.48) (plot 3 of 3)","CompDat",2019-07-14 16:03:18,"StartTime: Sat Jul 13 11:08:12 2019"
"comp_lendat_data_weighting_TA1.8_Winter (S).png","Mean length for Winter (S) with 95% confidence intervals based on current samples sizes.","CompDat",2019-07-14 16:03:18,"StartTime: Sat Jul 13 11:08:12 2019"
"comp_lendat_flt3mkt1.png","Length comp data, discard, Winter (S).<br><br>'N adj.' is the input sample size after data-weighting adjustment. N eff. is the calculated effective sample size used in the McAllister-Iannelli tuning method.","CompDat",2019-07-14 16:03:18,"StartTime: Sat Jul 13 11:08:12 2019"
"comp_lendat_bubflt3mkt1.png","Length comp data, discard, Winter (S) (max=0.8)","CompDat",2019-07-14 16:03:18,"StartTime: Sat Jul 13 11:08:12 2019"
"comp_lendat_data_weighting_TA1.8_Winter (S).png","Mean length for Winter (S) with 95% confidence intervals based on current samples sizes.","CompDat",2019-07-14 16:03:18,"StartTime: Sat Jul 13 11:08:12 2019"
"comp_lendat_flt4mkt2_page1.png","Length comp data, retained, Summer (S) (plot 1 of 4).<br><br>'N adj.' is the input sample size after data-weighting adjustment. N eff. is the calculated effective sample size used in the McAllister-Iannelli tuning method.","CompDat",2019-07-14 16:03:18,"StartTime: Sat Jul 13 11:08:12 2019"
"comp_lendat_flt4mkt2_page2.png","Length comp data, retained, Summer (S) (plot 2 of 4)","CompDat",2019-07-14 16:03:18,"StartTime: Sat Jul 13 11:08:12 2019"
"comp_lendat_flt4mkt2_page3.png","Length comp data, retained, Summer (S) (plot 3 of 4)","CompDat",2019-07-14 16:03:18,"StartTime: Sat Jul 13 11:08:12 2019"
"comp_lendat_flt4mkt2_page4.png","Length comp data, retained, Summer (S) (plot 4 of 4)","CompDat",2019-07-14 16:03:18,"StartTime: Sat Jul 13 11:08:12 2019"
"comp_lendat_bubflt4mkt2_page4.png","Length comp data, retained, Summer (S) (max=0.25) (plot 4 of 4)","CompDat",2019-07-14 16:03:18,"StartTime: Sat Jul 13 11:08:12 2019"
"comp_lendat_data_weighting_TA1.8_Summer (S).png","Mean length for Summer (S) with 95% confidence intervals based on current samples sizes.","CompDat",2019-07-14 16:03:18,"StartTime: Sat Jul 13 11:08:12 2019"
"comp_lendat_flt4mkt1.png","Length comp data, discard, Summer (S).<br><br>'N adj.' is the input sample size after data-weighting adjustment. N eff. is the calculated effective sample size used in the McAllister-Iannelli tuning method.","CompDat",2019-07-14 16:03:18,"StartTime: Sat Jul 13 11:08:12 2019"
"comp_lendat_bubflt4mkt1.png","Length comp data, discard, Summer (S) (max=0.41)","CompDat",2019-07-14 16:03:18,"StartTime: Sat Jul 13 11:08:12 2019"
"comp_lendat_data_weighting_TA1.8_Summer (S).png","Mean length for Summer (S) with 95% confidence intervals based on current samples sizes.","CompDat",2019-07-14 16:03:18,"StartTime: Sat Jul 13 11:08:12 2019"
"comp_lendat_flt5mkt0.png","Length comp data, whole catch, Triennial - Early.<br><br>'N adj.' is the input sample size after data-weighting adjustment. N eff. is the calculated effective sample size used in the McAllister-Iannelli tuning method.","CompDat",2019-07-14 16:03:18,"StartTime: Sat Jul 13 11:08:12 2019"
"comp_lendat_bubflt5mkt0.png","Length comp data, whole catch, Triennial - Early (max=0.1)","CompDat",2019-07-14 16:03:18,"StartTime: Sat Jul 13 11:08:12 2019"
"comp_lendat_data_weighting_TA1.8_Triennial - Early.png","Mean length for Triennial - Early with 95% confidence intervals based on current samples sizes.","CompDat",2019-07-14 16:03:18,"StartTime: Sat Jul 13 11:08:12 2019"
"comp_lendat_flt6mkt0.png","Length comp data, whole catch, Triennial - Late.<br><br>'N adj.' is the input sample size after data-weighting adjustment. N eff. is the calculated effective sample size used in the McAllister-Iannelli tuning method.","CompDat",2019-07-14 16:03:18,"StartTime: Sat Jul 13 11:08:12 2019"
"comp_lendat_bubflt6mkt0.png","Length comp data, whole catch, Triennial - Late (max=0.1)","CompDat",2019-07-14 16:03:18,"StartTime: Sat Jul 13 11:08:12 2019"
"comp_lendat_data_weighting_TA1.8_Triennial - Late.png","Mean length for Triennial - Late with 95% confidence intervals based on current samples sizes.","CompDat",2019-07-14 16:03:18,"StartTime: Sat Jul 13 11:08:12 2019"
"comp_lendat_flt7mkt0.png","Length comp data, whole catch, NWFSC West Coast Groundfish Bottom Trawl Survey.<br><br>'N adj.' is the input sample size after data-weighting adjustment. N eff. is the calculated effective sample size used in the McAllister-Iannelli tuning method.","CompDat",2019-07-14 16:03:18,"StartTime: Sat Jul 13 11:08:12 2019"
"comp_lendat_bubflt7mkt0.png","Length comp data, whole catch, NWFSC West Coast Groundfish Bottom Trawl Survey (max=0.16)","CompDat",2019-07-14 16:03:18,"StartTime: Sat Jul 13 11:08:12 2019"
"comp_lendat_data_weighting_TA1.8_NWFSC West Coast Groundfish Bottom Trawl Survey.png","Mean length for NWFSC West Coast Groundfish Bottom Trawl Survey with 95% confidence intervals based on current samples sizes.","CompDat",2019-07-14 16:03:18,"StartTime: Sat Jul 13 11:08:12 2019"
"comp_lendat__aggregated_across_time.png","Length comp data, aggregated across time by fleet.
 <br> Labels 'retained' and 'discard' indicate discarded or retained sampled for each fleet. Panels without this designation represent the whole catch.
","CompDat",2019-07-14 16:03:18,"StartTime: Sat Jul 13 11:08:12 2019"
"comp_lendat__page1_multi-fleet_comparison.png","Length comp data,  comparing across fleets (plot 1 of 3)","CompDat",2019-07-14 16:03:18,"StartTime: Sat Jul 13 11:08:12 2019"
"comp_lendat__page2_multi-fleet_comparison.png","Length comp data,  comparing across fleets (plot 2 of 3)","CompDat",2019-07-14 16:03:18,"StartTime: Sat Jul 13 11:08:12 2019"
"comp_lendat__page3_multi-fleet_comparison.png","Length comp data,  comparing across fleets (plot 3 of 3)","CompDat",2019-07-14 16:03:18,"StartTime: Sat Jul 13 11:08:12 2019"
"comp_agedat_flt1mkt2_page1.png","Age comp data, retained, Winter (N) (plot 1 of 4).<br><br>'N adj.' is the input sample size after data-weighting adjustment. N eff. is the calculated effective sample size used in the McAllister-Iannelli tuning method.","CompDat",2019-07-14 16:03:18,"StartTime: Sat Jul 13 11:08:12 2019"
"comp_agedat_flt1mkt2_page2.png","Age comp data, retained, Winter (N) (plot 2 of 4)","CompDat",2019-07-14 16:03:18,"StartTime: Sat Jul 13 11:08:12 2019"
"comp_agedat_flt1mkt2_page3.png","Age comp data, retained, Winter (N) (plot 3 of 4)","CompDat",2019-07-14 16:03:18,"StartTime: Sat Jul 13 11:08:12 2019"
"comp_agedat_flt1mkt2_page4.png","Age comp data, retained, Winter (N) (plot 4 of 4)","CompDat",2019-07-14 16:03:18,"StartTime: Sat Jul 13 11:08:12 2019"
"comp_agedat_bubflt1mkt2_page4.png","Age comp data, retained, Winter (N) (max=0.5) (plot 4 of 4)","CompDat",2019-07-14 16:03:18,"StartTime: Sat Jul 13 11:08:12 2019"
"comp_agedat_data_weighting_TA1.8_Winter (N).png","Mean age for Winter (N) with 95% confidence intervals based on current samples sizes.","CompDat",2019-07-14 16:03:18,"StartTime: Sat Jul 13 11:08:12 2019"
"comp_agedat_flt2mkt2_page1.png","Age comp data, retained, Summer (N) (plot 1 of 5).<br><br>'N adj.' is the input sample size after data-weighting adjustment. N eff. is the calculated effective sample size used in the McAllister-Iannelli tuning method.","CompDat",2019-07-14 16:03:18,"StartTime: Sat Jul 13 11:08:12 2019"
"comp_agedat_flt2mkt2_page2.png","Age comp data, retained, Summer (N) (plot 2 of 5)","CompDat",2019-07-14 16:03:18,"StartTime: Sat Jul 13 11:08:12 2019"
"comp_agedat_flt2mkt2_page3.png","Age comp data, retained, Summer (N) (plot 3 of 5)","CompDat",2019-07-14 16:03:18,"StartTime: Sat Jul 13 11:08:12 2019"
"comp_agedat_flt2mkt2_page4.png","Age comp data, retained, Summer (N) (plot 4 of 5)","CompDat",2019-07-14 16:03:18,"StartTime: Sat Jul 13 11:08:12 2019"
"comp_agedat_flt2mkt2_page5.png","Age comp data, retained, Summer (N) (plot 5 of 5)","CompDat",2019-07-14 16:03:18,"StartTime: Sat Jul 13 11:08:12 2019"
"comp_agedat_bubflt2mkt2_page5.png","Age comp data, retained, Summer (N) (max=0.41) (plot 5 of 5)","CompDat",2019-07-14 16:03:18,"StartTime: Sat Jul 13 11:08:12 2019"
"comp_agedat_data_weighting_TA1.8_Summer (N).png","Mean age for Summer (N) with 95% confidence intervals based on current samples sizes.","CompDat",2019-07-14 16:03:18,"StartTime: Sat Jul 13 11:08:12 2019"
"comp_agedat_flt3mkt2_page1.png","Age comp data, retained, Winter (S) (plot 1 of 3).<br><br>'N adj.' is the input sample size after data-weighting adjustment. N eff. is the calculated effective sample size used in the McAllister-Iannelli tuning method.","CompDat",2019-07-14 16:03:18,"StartTime: Sat Jul 13 11:08:12 2019"
"comp_agedat_flt3mkt2_page2.png","Age comp data, retained, Winter (S) (plot 2 of 3)","CompDat",2019-07-14 16:03:18,"StartTime: Sat Jul 13 11:08:12 2019"
"comp_agedat_flt3mkt2_page3.png","Age comp data, retained, Winter (S) (plot 3 of 3)","CompDat",2019-07-14 16:03:18,"StartTime: Sat Jul 13 11:08:12 2019"
"comp_agedat_bubflt3mkt2_page3.png","Age comp data, retained, Winter (S) (max=0.97) (plot 3 of 3)","CompDat",2019-07-14 16:03:18,"StartTime: Sat Jul 13 11:08:12 2019"
"comp_agedat_data_weighting_TA1.8_Winter (S).png","Mean age for Winter (S) with 95% confidence intervals based on current samples sizes.","CompDat",2019-07-14 16:03:18,"StartTime: Sat Jul 13 11:08:12 2019"
"comp_agedat_flt4mkt2_page1.png","Age comp data, retained, Summer (S) (plot 1 of 3).<br><br>'N adj.' is the input sample size after data-weighting adjustment. N eff. is the calculated effective sample size used in the McAllister-Iannelli tuning method.","CompDat",2019-07-14 16:03:18,"StartTime: Sat Jul 13 11:08:12 2019"
"comp_agedat_flt4mkt2_page2.png","Age comp data, retained, Summer (S) (plot 2 of 3)","CompDat",2019-07-14 16:03:18,"StartTime: Sat Jul 13 11:08:12 2019"
"comp_agedat_flt4mkt2_page3.png","Age comp data, retained, Summer (S) (plot 3 of 3)","CompDat",2019-07-14 16:03:18,"StartTime: Sat Jul 13 11:08:12 2019"
"comp_agedat_bubflt4mkt2_page3.png","Age comp data, retained, Summer (S) (max=0.35) (plot 3 of 3)","CompDat",2019-07-14 16:03:18,"StartTime: Sat Jul 13 11:08:12 2019"
"comp_agedat_data_weighting_TA1.8_Summer (S).png","Mean age for Summer (S) with 95% confidence intervals based on current samples sizes.","CompDat",2019-07-14 16:03:18,"StartTime: Sat Jul 13 11:08:12 2019"
"comp_agedat__aggregated_across_time.png","Age comp data, aggregated across time by fleet.
 <br> Labels 'retained' and 'discard' indicate discarded or retained sampled for each fleet. Panels without this designation represent the whole catch.
","CompDat",2019-07-14 16:03:18,"StartTime: Sat Jul 13 11:08:12 2019"
"comp_agedat__multi-fleet_comparison.png","Age comp data,  comparing across fleets","CompDat",2019-07-14 16:03:18,"StartTime: Sat Jul 13 11:08:12 2019"
"comp_gstagedat_flt7mkt0.png","Ghost age comp data, whole catch, NWFSC West Coast Groundfish Bottom Trawl Survey.<br><br>'N adj.' is the input sample size after data-weighting adjustment. N eff. is the calculated effective sample size used in the McAllister-Iannelli tuning method.","CompDat",2019-07-14 16:03:18,"StartTime: Sat Jul 13 11:08:12 2019"
"comp_gstagedat_bubflt7mkt0.png","Ghost age comp data, whole catch, NWFSC West Coast Groundfish Bottom Trawl Survey (max=0.32)","CompDat",2019-07-14 16:03:18,"StartTime: Sat Jul 13 11:08:12 2019"
"comp_condAALdat_bubflt7mkt0_page1.png","Conditional age-at-length data, whole catch, NWFSC West Coast Groundfish Bottom Trawl Survey (max=0.98) (plot 1 of 2)","CompDat",2019-07-14 16:03:18,"StartTime: Sat Jul 13 11:08:12 2019"
"comp_condAALdat_bubflt7mkt0_page2.png","Conditional age-at-length data, whole catch, NWFSC West Coast Groundfish Bottom Trawl Survey (max=0.98) (plot 1 of 2) (plot 2 of 2)","CompDat",2019-07-14 16:03:18,"StartTime: Sat Jul 13 11:08:12 2019"
"comp_condAALdat_data_weighting_TA1.8_condAgeNWFSC West Coast Groundfish Bottom Trawl Survey.png","Mean age from conditional data (aggregated across length bins) for NWFSC West Coast Groundfish Bottom Trawl Survey with 95% confidence intervals  based on current samples sizes.","CompDat",2019-07-14 16:03:18,"StartTime: Sat Jul 13 11:08:12 2019"
"comp_condAALdat_Andre_plotsflt7mkt0_page1.png","Conditional AAL plot, whole catch, NWFSC West Coast Groundfish Bottom Trawl Survey (plot 1 of 6)
These plots show mean age and std. dev. in conditional A@L.<br>Left plots are mean A@L by size-class (obs. and pred.) with 90% CIs based on adding 1.64 SE of mean to the data.<br>Right plots in each pair are SE of mean A@L (obs. and pred.) with 90% CIs based on the chi-square distribution.","CompDat",2019-07-14 16:03:18,"StartTime: Sat Jul 13 11:08:12 2019"
"comp_condAALdat_Andre_plotsflt7mkt0_page2.png","Conditional AAL plot, whole catch, NWFSC West Coast Groundfish Bottom Trawl Survey (plot 2 of 6)","CompDat",2019-07-14 16:03:18,"StartTime: Sat Jul 13 11:08:12 2019"
"comp_condAALdat_Andre_plotsflt7mkt0_page3.png","Conditional AAL plot, whole catch, NWFSC West Coast Groundfish Bottom Trawl Survey (plot 3 of 6)","CompDat",2019-07-14 16:03:18,"StartTime: Sat Jul 13 11:08:12 2019"
"comp_condAALdat_Andre_plotsflt7mkt0_page4.png","Conditional AAL plot, whole catch, NWFSC West Coast Groundfish Bottom Trawl Survey (plot 4 of 6)","CompDat",2019-07-14 16:03:18,"StartTime: Sat Jul 13 11:08:12 2019"
"comp_condAALdat_Andre_plotsflt7mkt0_page5.png","Conditional AAL plot, whole catch, NWFSC West Coast Groundfish Bottom Trawl Survey (plot 5 of 6)","CompDat",2019-07-14 16:03:18,"StartTime: Sat Jul 13 11:08:12 2019"
"comp_condAALdat_Andre_plotsflt7mkt0_page6.png","Conditional AAL plot, whole catch, NWFSC West Coast Groundfish Bottom Trawl Survey (plot 6 of 6)","CompDat",2019-07-14 16:03:18,"StartTime: Sat Jul 13 11:08:12 2019"
"comp_lenfit_flt1mkt2_page1.png","Length comps, retained, Winter (N) (plot 1 of 3).<br><br>'N adj.' is the input sample size after data-weighting adjustment. N eff. is the calculated effective sample size used in the McAllister-Iannelli tuning method.","LenComp",2019-07-14 16:03:18,"StartTime: Sat Jul 13 11:08:12 2019"
"comp_lenfit_flt1mkt2_page2.png","Length comps, retained, Winter (N) (plot 2 of 3)","LenComp",2019-07-14 16:03:18,"StartTime: Sat Jul 13 11:08:12 2019"
"comp_lenfit_flt1mkt2_page3.png","Length comps, retained, Winter (N) (plot 3 of 3)","LenComp",2019-07-14 16:03:18,"StartTime: Sat Jul 13 11:08:12 2019"
"comp_lenfit_residsflt1mkt2_page3.png","Pearson residuals, retained, Winter (N) (max=3.47) (plot 3 of 3) <br> 
Closed bubbles are positive residuals (observed > expected) and open bubbles are negative residuals (observed < expected).","LenComp",2019-07-14 16:03:18,"StartTime: Sat Jul 13 11:08:12 2019"
"comp_lenfit_sampsize_flt1mkt2.png","N-EffN comparison, Length comps, retained, Winter (N)","LenComp",2019-07-14 16:03:18,"StartTime: Sat Jul 13 11:08:12 2019"
"comp_lenfit_data_weighting_TA1.8_Winter (N).png","Mean length for Winter (N) with 95% confidence intervals based on current samples sizes.<br>Francis data weighting method TA1.8: thinner intervals (with capped ends) show result of further adjusting sample sizes based on suggested multiplier (with 95% interval) for len data from Winter (N):<br>0.8112 (0.541-1.4532) <br><br>For more info, see<br> <blockquote>Francis, R.I.C.C. (2011). Data weighting in statistical fisheries stock assessment models. <i>Can. J. Fish. Aquat. Sci.</i> 68: 1124-1138.  <a href=https://doi.org/10.1139/f2011-025> https://doi.org/10.1139/f2011-025</a> </blockquote>","LenComp",2019-07-14 16:03:18,"StartTime: Sat Jul 13 11:08:12 2019"
"comp_lenfit_flt1mkt1.png","Length comps, discard, Winter (N).<br><br>'N adj.' is the input sample size after data-weighting adjustment. N eff. is the calculated effective sample size used in the McAllister-Iannelli tuning method.","LenComp",2019-07-14 16:03:18,"StartTime: Sat Jul 13 11:08:12 2019"
"comp_lenfit_residsflt1mkt1.png","Pearson residuals, discard, Winter (N) (max=6.35) <br> 
Closed bubbles are positive residuals (observed > expected) and open bubbles are negative residuals (observed < expected).","LenComp",2019-07-14 16:03:18,"StartTime: Sat Jul 13 11:08:12 2019"
"comp_lenfit_sampsize_flt1mkt1.png","N-EffN comparison, Length comps, discard, Winter (N)","LenComp",2019-07-14 16:03:18,"StartTime: Sat Jul 13 11:08:12 2019"
"comp_lenfit_data_weighting_TA1.8_Winter (N).png","Mean length for Winter (N) with 95% confidence intervals based on current samples sizes.<br>Francis data weighting method TA1.8: thinner intervals (with capped ends) show result of further adjusting sample sizes based on suggested multiplier (with 95% interval) for len data from Winter (N):<br>0.8112 (0.5606-1.4161) <br><br>For more info, see<br> <blockquote>Francis, R.I.C.C. (2011). Data weighting in statistical fisheries stock assessment models. <i>Can. J. Fish. Aquat. Sci.</i> 68: 1124-1138.  <a href=https://doi.org/10.1139/f2011-025> https://doi.org/10.1139/f2011-025</a> </blockquote>","LenComp",2019-07-14 16:03:18,"StartTime: Sat Jul 13 11:08:12 2019"
"comp_lenfit_flt2mkt2_page1.png","Length comps, retained, Summer (N) (plot 1 of 4).<br><br>'N adj.' is the input sample size after data-weighting adjustment. N eff. is the calculated effective sample size used in the McAllister-Iannelli tuning method.","LenComp",2019-07-14 16:03:18,"StartTime: Sat Jul 13 11:08:12 2019"
"comp_lenfit_flt2mkt2_page2.png","Length comps, retained, Summer (N) (plot 2 of 4)","LenComp",2019-07-14 16:03:18,"StartTime: Sat Jul 13 11:08:12 2019"
"comp_lenfit_flt2mkt2_page3.png","Length comps, retained, Summer (N) (plot 3 of 4)","LenComp",2019-07-14 16:03:18,"StartTime: Sat Jul 13 11:08:12 2019"
"comp_lenfit_flt2mkt2_page4.png","Length comps, retained, Summer (N) (plot 4 of 4)","LenComp",2019-07-14 16:03:18,"StartTime: Sat Jul 13 11:08:12 2019"
"comp_lenfit_residsflt2mkt2_page4.png","Pearson residuals, retained, Summer (N) (max=3.37) (plot 4 of 4) <br> 
Closed bubbles are positive residuals (observed > expected) and open bubbles are negative residuals (observed < expected).","LenComp",2019-07-14 16:03:18,"StartTime: Sat Jul 13 11:08:12 2019"
"comp_lenfit_sampsize_flt2mkt2.png","N-EffN comparison, Length comps, retained, Summer (N)","LenComp",2019-07-14 16:03:18,"StartTime: Sat Jul 13 11:08:12 2019"
"comp_lenfit_data_weighting_TA1.8_Summer (N).png","Mean length for Summer (N) with 95% confidence intervals based on current samples sizes.<br>Francis data weighting method TA1.8: thinner intervals (with capped ends) show result of further adjusting sample sizes based on suggested multiplier (with 95% interval) for len data from Summer (N):<br>0.8918 (0.6211-1.3848) <br><br>For more info, see<br> <blockquote>Francis, R.I.C.C. (2011). Data weighting in statistical fisheries stock assessment models. <i>Can. J. Fish. Aquat. Sci.</i> 68: 1124-1138.  <a href=https://doi.org/10.1139/f2011-025> https://doi.org/10.1139/f2011-025</a> </blockquote>","LenComp",2019-07-14 16:03:18,"StartTime: Sat Jul 13 11:08:12 2019"
"comp_lenfit_flt2mkt1.png","Length comps, discard, Summer (N).<br><br>'N adj.' is the input sample size after data-weighting adjustment. N eff. is the calculated effective sample size used in the McAllister-Iannelli tuning method.","LenComp",2019-07-14 16:03:18,"StartTime: Sat Jul 13 11:08:12 2019"
"comp_lenfit_residsflt2mkt1.png","Pearson residuals, discard, Summer (N) (max=6.21) <br> 
Closed bubbles are positive residuals (observed > expected) and open bubbles are negative residuals (observed < expected).","LenComp",2019-07-14 16:03:18,"StartTime: Sat Jul 13 11:08:12 2019"
"comp_lenfit_sampsize_flt2mkt1.png","N-EffN comparison, Length comps, discard, Summer (N)","LenComp",2019-07-14 16:03:18,"StartTime: Sat Jul 13 11:08:12 2019"
"comp_lenfit_data_weighting_TA1.8_Summer (N).png","Mean length for Summer (N) with 95% confidence intervals based on current samples sizes.<br>Francis data weighting method TA1.8: thinner intervals (with capped ends) show result of further adjusting sample sizes based on suggested multiplier (with 95% interval) for len data from Summer (N):<br>0.8918 (0.6525-1.4398) <br><br>For more info, see<br> <blockquote>Francis, R.I.C.C. (2011). Data weighting in statistical fisheries stock assessment models. <i>Can. J. Fish. Aquat. Sci.</i> 68: 1124-1138.  <a href=https://doi.org/10.1139/f2011-025> https://doi.org/10.1139/f2011-025</a> </blockquote>","LenComp",2019-07-14 16:03:18,"StartTime: Sat Jul 13 11:08:12 2019"
"comp_lenfit_flt3mkt2_page1.png","Length comps, retained, Winter (S) (plot 1 of 3).<br><br>'N adj.' is the input sample size after data-weighting adjustment. N eff. is the calculated effective sample size used in the McAllister-Iannelli tuning method.","LenComp",2019-07-14 16:03:18,"StartTime: Sat Jul 13 11:08:12 2019"
"comp_lenfit_flt3mkt2_page2.png","Length comps, retained, Winter (S) (plot 2 of 3)","LenComp",2019-07-14 16:03:18,"StartTime: Sat Jul 13 11:08:12 2019"
"comp_lenfit_flt3mkt2_page3.png","Length comps, retained, Winter (S) (plot 3 of 3)","LenComp",2019-07-14 16:03:18,"StartTime: Sat Jul 13 11:08:12 2019"
"comp_lenfit_residsflt3mkt2_page3.png","Pearson residuals, retained, Winter (S) (max=4.93) (plot 3 of 3) <br> 
Closed bubbles are positive residuals (observed > expected) and open bubbles are negative residuals (observed < expected).","LenComp",2019-07-14 16:03:18,"StartTime: Sat Jul 13 11:08:12 2019"
"comp_lenfit_sampsize_flt3mkt2.png","N-EffN comparison, Length comps, retained, Winter (S)","LenComp",2019-07-14 16:03:18,"StartTime: Sat Jul 13 11:08:12 2019"
"comp_lenfit_data_weighting_TA1.8_Winter (S).png","Mean length for Winter (S) with 95% confidence intervals based on current samples sizes.<br>Francis data weighting method TA1.8: thinner intervals (with capped ends) show result of further adjusting sample sizes based on suggested multiplier (with 95% interval) for len data from Winter (S):<br>1.0433 (0.757-1.571) <br><br>For more info, see<br> <blockquote>Francis, R.I.C.C. (2011). Data weighting in statistical fisheries stock assessment models. <i>Can. J. Fish. Aquat. Sci.</i> 68: 1124-1138.  <a href=https://doi.org/10.1139/f2011-025> https://doi.org/10.1139/f2011-025</a> </blockquote>","LenComp",2019-07-14 16:03:18,"StartTime: Sat Jul 13 11:08:12 2019"
"comp_lenfit_flt3mkt1.png","Length comps, discard, Winter (S).<br><br>'N adj.' is the input sample size after data-weighting adjustment. N eff. is the calculated effective sample size used in the McAllister-Iannelli tuning method.","LenComp",2019-07-14 16:03:18,"StartTime: Sat Jul 13 11:08:12 2019"
"comp_lenfit_residsflt3mkt1.png","Pearson residuals, discard, Winter (S) (max=3.58) <br> 
Closed bubbles are positive residuals (observed > expected) and open bubbles are negative residuals (observed < expected).","LenComp",2019-07-14 16:03:18,"StartTime: Sat Jul 13 11:08:12 2019"
"comp_lenfit_sampsize_flt3mkt1.png","N-EffN comparison, Length comps, discard, Winter (S)","LenComp",2019-07-14 16:03:18,"StartTime: Sat Jul 13 11:08:12 2019"
"comp_lenfit_data_weighting_TA1.8_Winter (S).png","Mean length for Winter (S) with 95% confidence intervals based on current samples sizes.<br>Francis data weighting method TA1.8: thinner intervals (with capped ends) show result of further adjusting sample sizes based on suggested multiplier (with 95% interval) for len data from Winter (S):<br>1.0433 (0.7769-1.5799) <br><br>For more info, see<br> <blockquote>Francis, R.I.C.C. (2011). Data weighting in statistical fisheries stock assessment models. <i>Can. J. Fish. Aquat. Sci.</i> 68: 1124-1138.  <a href=https://doi.org/10.1139/f2011-025> https://doi.org/10.1139/f2011-025</a> </blockquote>","LenComp",2019-07-14 16:03:18,"StartTime: Sat Jul 13 11:08:12 2019"
"comp_lenfit_flt4mkt2_page1.png","Length comps, retained, Summer (S) (plot 1 of 4).<br><br>'N adj.' is the input sample size after data-weighting adjustment. N eff. is the calculated effective sample size used in the McAllister-Iannelli tuning method.","LenComp",2019-07-14 16:03:18,"StartTime: Sat Jul 13 11:08:12 2019"
"comp_lenfit_flt4mkt2_page2.png","Length comps, retained, Summer (S) (plot 2 of 4)","LenComp",2019-07-14 16:03:18,"StartTime: Sat Jul 13 11:08:12 2019"
"comp_lenfit_flt4mkt2_page3.png","Length comps, retained, Summer (S) (plot 3 of 4)","LenComp",2019-07-14 16:03:18,"StartTime: Sat Jul 13 11:08:12 2019"
"comp_lenfit_flt4mkt2_page4.png","Length comps, retained, Summer (S) (plot 4 of 4)","LenComp",2019-07-14 16:03:18,"StartTime: Sat Jul 13 11:08:12 2019"
"comp_lenfit_residsflt4mkt2_page4.png","Pearson residuals, retained, Summer (S) (max=6.55) (plot 4 of 4) <br> 
Closed bubbles are positive residuals (observed > expected) and open bubbles are negative residuals (observed < expected).","LenComp",2019-07-14 16:03:18,"StartTime: Sat Jul 13 11:08:12 2019"
"comp_lenfit_sampsize_flt4mkt2.png","N-EffN comparison, Length comps, retained, Summer (S)","LenComp",2019-07-14 16:03:18,"StartTime: Sat Jul 13 11:08:12 2019"
"comp_lenfit_data_weighting_TA1.8_Summer (S).png","Mean length for Summer (S) with 95% confidence intervals based on current samples sizes.<br>Francis data weighting method TA1.8: thinner intervals (with capped ends) show result of further adjusting sample sizes based on suggested multiplier (with 95% interval) for len data from Summer (S):<br>0.4076 (0.3008-0.6335) <br><br>For more info, see<br> <blockquote>Francis, R.I.C.C. (2011). Data weighting in statistical fisheries stock assessment models. <i>Can. J. Fish. Aquat. Sci.</i> 68: 1124-1138.  <a href=https://doi.org/10.1139/f2011-025> https://doi.org/10.1139/f2011-025</a> </blockquote>","LenComp",2019-07-14 16:03:18,"StartTime: Sat Jul 13 11:08:12 2019"
"comp_lenfit_flt4mkt1.png","Length comps, discard, Summer (S).<br><br>'N adj.' is the input sample size after data-weighting adjustment. N eff. is the calculated effective sample size used in the McAllister-Iannelli tuning method.","LenComp",2019-07-14 16:03:18,"StartTime: Sat Jul 13 11:08:12 2019"
"comp_lenfit_residsflt4mkt1.png","Pearson residuals, discard, Summer (S) (max=5.4) <br> 
Closed bubbles are positive residuals (observed > expected) and open bubbles are negative residuals (observed < expected).","LenComp",2019-07-14 16:03:18,"StartTime: Sat Jul 13 11:08:12 2019"
"comp_lenfit_sampsize_flt4mkt1.png","N-EffN comparison, Length comps, discard, Summer (S)","LenComp",2019-07-14 16:03:18,"StartTime: Sat Jul 13 11:08:12 2019"
"comp_lenfit_data_weighting_TA1.8_Summer (S).png","Mean length for Summer (S) with 95% confidence intervals based on current samples sizes.<br>Francis data weighting method TA1.8: thinner intervals (with capped ends) show result of further adjusting sample sizes based on suggested multiplier (with 95% interval) for len data from Summer (S):<br>0.4076 (0.2978-0.617) <br><br>For more info, see<br> <blockquote>Francis, R.I.C.C. (2011). Data weighting in statistical fisheries stock assessment models. <i>Can. J. Fish. Aquat. Sci.</i> 68: 1124-1138.  <a href=https://doi.org/10.1139/f2011-025> https://doi.org/10.1139/f2011-025</a> </blockquote>","LenComp",2019-07-14 16:03:18,"StartTime: Sat Jul 13 11:08:12 2019"
"comp_lenfit_flt5mkt0.png","Length comps, whole catch, Triennial - Early.<br><br>'N adj.' is the input sample size after data-weighting adjustment. N eff. is the calculated effective sample size used in the McAllister-Iannelli tuning method.","LenComp",2019-07-14 16:03:18,"StartTime: Sat Jul 13 11:08:12 2019"
"comp_lenfit_residsflt5mkt0.png","Pearson residuals, whole catch, Triennial - Early (max=3.22) <br> 
Closed bubbles are positive residuals (observed > expected) and open bubbles are negative residuals (observed < expected).","LenComp",2019-07-14 16:03:18,"StartTime: Sat Jul 13 11:08:12 2019"
"comp_lenfit_sampsize_flt5mkt0.png","N-EffN comparison, Length comps, whole catch, Triennial - Early","LenComp",2019-07-14 16:03:18,"StartTime: Sat Jul 13 11:08:12 2019"
"comp_lenfit_data_weighting_TA1.8_Triennial - Early.png","Mean length for Triennial - Early with 95% confidence intervals based on current samples sizes.<br>Francis data weighting method TA1.8: thinner intervals (with capped ends) show result of further adjusting sample sizes based on suggested multiplier (with 95% interval) for len data from Triennial - Early:<br>0.1632 (0.1436-Inf) <br><br>For more info, see<br> <blockquote>Francis, R.I.C.C. (2011). Data weighting in statistical fisheries stock assessment models. <i>Can. J. Fish. Aquat. Sci.</i> 68: 1124-1138.  <a href=https://doi.org/10.1139/f2011-025> https://doi.org/10.1139/f2011-025</a> </blockquote>","LenComp",2019-07-14 16:03:18,"StartTime: Sat Jul 13 11:08:12 2019"
"comp_lenfit_flt6mkt0.png","Length comps, whole catch, Triennial - Late.<br><br>'N adj.' is the input sample size after data-weighting adjustment. N eff. is the calculated effective sample size used in the McAllister-Iannelli tuning method.","LenComp",2019-07-14 16:03:18,"StartTime: Sat Jul 13 11:08:12 2019"
"comp_lenfit_residsflt6mkt0.png","Pearson residuals, whole catch, Triennial - Late (max=3.9) <br> 
Closed bubbles are positive residuals (observed > expected) and open bubbles are negative residuals (observed < expected).","LenComp",2019-07-14 16:03:18,"StartTime: Sat Jul 13 11:08:12 2019"
"comp_lenfit_sampsize_flt6mkt0.png","N-EffN comparison, Length comps, whole catch, Triennial - Late","LenComp",2019-07-14 16:03:18,"StartTime: Sat Jul 13 11:08:12 2019"
"comp_lenfit_data_weighting_TA1.8_Triennial - Late.png","Mean length for Triennial - Late with 95% confidence intervals based on current samples sizes.<br>Francis data weighting method TA1.8: thinner intervals (with capped ends) show result of further adjusting sample sizes based on suggested multiplier (with 95% interval) for len data from Triennial - Late:<br>0.3755 (0.2535-9.9024) <br><br>For more info, see<br> <blockquote>Francis, R.I.C.C. (2011). Data weighting in statistical fisheries stock assessment models. <i>Can. J. Fish. Aquat. Sci.</i> 68: 1124-1138.  <a href=https://doi.org/10.1139/f2011-025> https://doi.org/10.1139/f2011-025</a> </blockquote>","LenComp",2019-07-14 16:03:18,"StartTime: Sat Jul 13 11:08:12 2019"
"comp_lenfit_flt7mkt0.png","Length comps, whole catch, NWFSC West Coast Groundfish Bottom Trawl Survey.<br><br>'N adj.' is the input sample size after data-weighting adjustment. N eff. is the calculated effective sample size used in the McAllister-Iannelli tuning method.","LenComp",2019-07-14 16:03:18,"StartTime: Sat Jul 13 11:08:12 2019"
"comp_lenfit_residsflt7mkt0.png","Pearson residuals, whole catch, NWFSC West Coast Groundfish Bottom Trawl Survey (max=5.08) <br> 
Closed bubbles are positive residuals (observed > expected) and open bubbles are negative residuals (observed < expected).","LenComp",2019-07-14 16:03:18,"StartTime: Sat Jul 13 11:08:12 2019"
"comp_lenfit_sampsize_flt7mkt0.png","N-EffN comparison, Length comps, whole catch, NWFSC West Coast Groundfish Bottom Trawl Survey","LenComp",2019-07-14 16:03:18,"StartTime: Sat Jul 13 11:08:12 2019"
"comp_lenfit_data_weighting_TA1.8_NWFSC West Coast Groundfish Bottom Trawl Survey.png","Mean length for NWFSC West Coast Groundfish Bottom Trawl Survey with 95% confidence intervals based on current samples sizes.<br>Francis data weighting method TA1.8: thinner intervals (with capped ends) show result of further adjusting sample sizes based on suggested multiplier (with 95% interval) for len data from NWFSC West Coast Groundfish Bottom Trawl Survey:<br>0.5053 (0.3453-1.3432) <br><br>For more info, see<br> <blockquote>Francis, R.I.C.C. (2011). Data weighting in statistical fisheries stock assessment models. <i>Can. J. Fish. Aquat. Sci.</i> 68: 1124-1138.  <a href=https://doi.org/10.1139/f2011-025> https://doi.org/10.1139/f2011-025</a> </blockquote>","LenComp",2019-07-14 16:03:18,"StartTime: Sat Jul 13 11:08:12 2019"
"comp_lenfit__aggregated_across_time.png","Length comps, aggregated across time by fleet.
 <br> Labels 'retained' and 'discard' indicate discarded or retained sampled for each fleet. Panels without this designation represent the whole catch.
","LenComp",2019-07-14 16:03:18,"StartTime: Sat Jul 13 11:08:12 2019"
"comp_lenfit__page1_multi-fleet_comparison.png","Pearson residuals,  comparing across fleets (plot 1 of 3) <br> 
Closed bubbles are positive residuals (observed > expected) and open bubbles are negative residuals (observed < expected).","LenComp",2019-07-14 16:03:18,"StartTime: Sat Jul 13 11:08:12 2019"
"comp_lenfit__page2_multi-fleet_comparison.png","Pearson residuals,  comparing across fleets (plot 2 of 3)","LenComp",2019-07-14 16:03:18,"StartTime: Sat Jul 13 11:08:12 2019"
"comp_lenfit__page3_multi-fleet_comparison.png","Pearson residuals,  comparing across fleets (plot 3 of 3)","LenComp",2019-07-14 16:03:18,"StartTime: Sat Jul 13 11:08:12 2019"
"comp_agefit_flt1mkt2_page1.png","Age comps, retained, Winter (N) (plot 1 of 4).<br><br>'N adj.' is the input sample size after data-weighting adjustment. N eff. is the calculated effective sample size used in the McAllister-Iannelli tuning method.","AgeComp",2019-07-14 16:03:18,"StartTime: Sat Jul 13 11:08:12 2019"
"comp_agefit_flt1mkt2_page2.png","Age comps, retained, Winter (N) (plot 2 of 4)","AgeComp",2019-07-14 16:03:18,"StartTime: Sat Jul 13 11:08:12 2019"
"comp_agefit_flt1mkt2_page3.png","Age comps, retained, Winter (N) (plot 3 of 4)","AgeComp",2019-07-14 16:03:18,"StartTime: Sat Jul 13 11:08:12 2019"
"comp_agefit_flt1mkt2_page4.png","Age comps, retained, Winter (N) (plot 4 of 4)","AgeComp",2019-07-14 16:03:18,"StartTime: Sat Jul 13 11:08:12 2019"
"comp_agefit_residsflt1mkt2_page4.png","Pearson residuals, retained, Winter (N) (max=4.05) (plot 4 of 4) <br> 
Closed bubbles are positive residuals (observed > expected) and open bubbles are negative residuals (observed < expected).","AgeComp",2019-07-14 16:03:18,"StartTime: Sat Jul 13 11:08:12 2019"
"comp_agefit_sampsize_flt1mkt2.png","N-EffN comparison, Age comps, retained, Winter (N)","AgeComp",2019-07-14 16:03:18,"StartTime: Sat Jul 13 11:08:12 2019"
"comp_agefit_data_weighting_TA1.8_Winter (N).png","Mean age for Winter (N) with 95% confidence intervals based on current samples sizes.<br>Francis data weighting method TA1.8: thinner intervals (with capped ends) show result of further adjusting sample sizes based on suggested multiplier (with 95% interval) for age data from Winter (N):<br>1.2125 (0.8147-2.1097) <br><br>For more info, see<br> <blockquote>Francis, R.I.C.C. (2011). Data weighting in statistical fisheries stock assessment models. <i>Can. J. Fish. Aquat. Sci.</i> 68: 1124-1138.  <a href=https://doi.org/10.1139/f2011-025> https://doi.org/10.1139/f2011-025</a> </blockquote>","AgeComp",2019-07-14 16:03:18,"StartTime: Sat Jul 13 11:08:12 2019"
"comp_agefit_flt2mkt2_page1.png","Age comps, retained, Summer (N) (plot 1 of 5).<br><br>'N adj.' is the input sample size after data-weighting adjustment. N eff. is the calculated effective sample size used in the McAllister-Iannelli tuning method.","AgeComp",2019-07-14 16:03:18,"StartTime: Sat Jul 13 11:08:12 2019"
"comp_agefit_flt2mkt2_page2.png","Age comps, retained, Summer (N) (plot 2 of 5)","AgeComp",2019-07-14 16:03:18,"StartTime: Sat Jul 13 11:08:12 2019"
"comp_agefit_flt2mkt2_page3.png","Age comps, retained, Summer (N) (plot 3 of 5)","AgeComp",2019-07-14 16:03:18,"StartTime: Sat Jul 13 11:08:12 2019"
"comp_agefit_flt2mkt2_page4.png","Age comps, retained, Summer (N) (plot 4 of 5)","AgeComp",2019-07-14 16:03:18,"StartTime: Sat Jul 13 11:08:12 2019"
"comp_agefit_flt2mkt2_page5.png","Age comps, retained, Summer (N) (plot 5 of 5)","AgeComp",2019-07-14 16:03:18,"StartTime: Sat Jul 13 11:08:12 2019"
"comp_agefit_residsflt2mkt2_page5.png","Pearson residuals, retained, Summer (N) (max=5.4) (plot 5 of 5) <br> 
Closed bubbles are positive residuals (observed > expected) and open bubbles are negative residuals (observed < expected).","AgeComp",2019-07-14 16:03:18,"StartTime: Sat Jul 13 11:08:12 2019"
"comp_agefit_sampsize_flt2mkt2.png","N-EffN comparison, Age comps, retained, Summer (N)","AgeComp",2019-07-14 16:03:18,"StartTime: Sat Jul 13 11:08:12 2019"
"comp_agefit_data_weighting_TA1.8_Summer (N).png","Mean age for Summer (N) with 95% confidence intervals based on current samples sizes.<br>Francis data weighting method TA1.8: thinner intervals (with capped ends) show result of further adjusting sample sizes based on suggested multiplier (with 95% interval) for age data from Summer (N):<br>0.5304 (0.3202-1.0056) <br><br>For more info, see<br> <blockquote>Francis, R.I.C.C. (2011). Data weighting in statistical fisheries stock assessment models. <i>Can. J. Fish. Aquat. Sci.</i> 68: 1124-1138.  <a href=https://doi.org/10.1139/f2011-025> https://doi.org/10.1139/f2011-025</a> </blockquote>","AgeComp",2019-07-14 16:03:18,"StartTime: Sat Jul 13 11:08:12 2019"
"comp_agefit_flt3mkt2_page1.png","Age comps, retained, Winter (S) (plot 1 of 3).<br><br>'N adj.' is the input sample size after data-weighting adjustment. N eff. is the calculated effective sample size used in the McAllister-Iannelli tuning method.","AgeComp",2019-07-14 16:03:18,"StartTime: Sat Jul 13 11:08:12 2019"
"comp_agefit_flt3mkt2_page2.png","Age comps, retained, Winter (S) (plot 2 of 3)","AgeComp",2019-07-14 16:03:18,"StartTime: Sat Jul 13 11:08:12 2019"
"comp_agefit_flt3mkt2_page3.png","Age comps, retained, Winter (S) (plot 3 of 3)","AgeComp",2019-07-14 16:03:18,"StartTime: Sat Jul 13 11:08:12 2019"
"comp_agefit_residsflt3mkt2_page3.png","Pearson residuals, retained, Winter (S) (max=8.32) (plot 3 of 3) <br> 
Closed bubbles are positive residuals (observed > expected) and open bubbles are negative residuals (observed < expected).","AgeComp",2019-07-14 16:03:18,"StartTime: Sat Jul 13 11:08:12 2019"
"comp_agefit_sampsize_flt3mkt2.png","N-EffN comparison, Age comps, retained, Winter (S)","AgeComp",2019-07-14 16:03:18,"StartTime: Sat Jul 13 11:08:12 2019"
"comp_agefit_data_weighting_TA1.8_Winter (S).png","Mean age for Winter (S) with 95% confidence intervals based on current samples sizes.<br>Francis data weighting method TA1.8: thinner intervals (with capped ends) show result of further adjusting sample sizes based on suggested multiplier (with 95% interval) for age data from Winter (S):<br>0.5536 (0.3837-1.0033) <br><br>For more info, see<br> <blockquote>Francis, R.I.C.C. (2011). Data weighting in statistical fisheries stock assessment models. <i>Can. J. Fish. Aquat. Sci.</i> 68: 1124-1138.  <a href=https://doi.org/10.1139/f2011-025> https://doi.org/10.1139/f2011-025</a> </blockquote>","AgeComp",2019-07-14 16:03:18,"StartTime: Sat Jul 13 11:08:12 2019"
"comp_agefit_flt4mkt2_page1.png","Age comps, retained, Summer (S) (plot 1 of 3).<br><br>'N adj.' is the input sample size after data-weighting adjustment. N eff. is the calculated effective sample size used in the McAllister-Iannelli tuning method.","AgeComp",2019-07-14 16:03:18,"StartTime: Sat Jul 13 11:08:12 2019"
"comp_agefit_flt4mkt2_page2.png","Age comps, retained, Summer (S) (plot 2 of 3)","AgeComp",2019-07-14 16:03:18,"StartTime: Sat Jul 13 11:08:12 2019"
"comp_agefit_flt4mkt2_page3.png","Age comps, retained, Summer (S) (plot 3 of 3)","AgeComp",2019-07-14 16:03:18,"StartTime: Sat Jul 13 11:08:12 2019"
"comp_agefit_residsflt4mkt2_page3.png","Pearson residuals, retained, Summer (S) (max=4.26) (plot 3 of 3) <br> 
Closed bubbles are positive residuals (observed > expected) and open bubbles are negative residuals (observed < expected).","AgeComp",2019-07-14 16:03:18,"StartTime: Sat Jul 13 11:08:12 2019"
"comp_agefit_sampsize_flt4mkt2.png","N-EffN comparison, Age comps, retained, Summer (S)","AgeComp",2019-07-14 16:03:18,"StartTime: Sat Jul 13 11:08:12 2019"
"comp_agefit_data_weighting_TA1.8_Summer (S).png","Mean age for Summer (S) with 95% confidence intervals based on current samples sizes.<br>Francis data weighting method TA1.8: thinner intervals (with capped ends) show result of further adjusting sample sizes based on suggested multiplier (with 95% interval) for age data from Summer (S):<br>0.4187 (0.2747-0.9004) <br><br>For more info, see<br> <blockquote>Francis, R.I.C.C. (2011). Data weighting in statistical fisheries stock assessment models. <i>Can. J. Fish. Aquat. Sci.</i> 68: 1124-1138.  <a href=https://doi.org/10.1139/f2011-025> https://doi.org/10.1139/f2011-025</a> </blockquote>","AgeComp",2019-07-14 16:03:18,"StartTime: Sat Jul 13 11:08:12 2019"
"comp_agefit__aggregated_across_time.png","Age comps, aggregated across time by fleet.
 <br> Labels 'retained' and 'discard' indicate discarded or retained sampled for each fleet. Panels without this designation represent the whole catch.
","AgeComp",2019-07-14 16:03:18,"StartTime: Sat Jul 13 11:08:12 2019"
"comp_agefit__multi-fleet_comparison.png","Pearson residuals,  comparing across fleets <br> 
Closed bubbles are positive residuals (observed > expected) and open bubbles are negative residuals (observed < expected).","AgeComp",2019-07-14 16:03:18,"StartTime: Sat Jul 13 11:08:12 2019"
"comp_gstagefit_flt7mkt0.png","Ghost age comps, whole catch, NWFSC West Coast Groundfish Bottom Trawl Survey.<br><br>'N adj.' is the input sample size after data-weighting adjustment. N eff. is the calculated effective sample size used in the McAllister-Iannelli tuning method.","AgeComp",2019-07-14 16:03:18,"StartTime: Sat Jul 13 11:08:12 2019"
"comp_gstagefit_residsflt7mkt0.png","Pearson residuals, whole catch, NWFSC West Coast Groundfish Bottom Trawl Survey (max=NA) <br> 
Closed bubbles are positive residuals (observed > expected) and open bubbles are negative residuals (observed < expected).","AgeComp",2019-07-14 16:03:18,"StartTime: Sat Jul 13 11:08:12 2019"
"comp_condAALfit_residsflt7mkt0_page1.png","Pearson residuals, whole catch, NWFSC West Coast Groundfish Bottom Trawl Survey (max=7.1) (plot 1 of 2)","A@LComp",2019-07-14 16:03:18,"StartTime: Sat Jul 13 11:08:12 2019"
"comp_condAALfit_residsflt7mkt0_page2.png","Pearson residuals, whole catch, NWFSC West Coast Groundfish Bottom Trawl Survey (max=7.1) (plot 1 of 2) (plot 2 of 2)","A@LComp",2019-07-14 16:03:18,"StartTime: Sat Jul 13 11:08:12 2019"
"comp_condAALfit_data_weighting_TA1.8_condAgeNWFSC West Coast Groundfish Bottom Trawl Survey.png","Mean age from conditional data (aggregated across length bins) for NWFSC West Coast Groundfish Bottom Trawl Survey with 95% confidence intervals  based on current samples sizes.<br>Francis data weighting method TA1.8: thinner intervals (with capped ends) show result of further adjusting sample sizes based on suggested multiplier (with 95% interval) for conditional age-at-length data from NWFSC West Coast Groundfish Bottom Trawl Survey:<br>0.299 (0.161-0.8576) <br><br>For more info, see<br> <blockquote>Francis, R.I.C.C. (2011). Data weighting in statistical fisheries stock assessment models. <i>Can. J. Fish. Aquat. Sci.</i> 68: 1124-1138.</blockquote>","A@LComp",2019-07-14 16:03:18,"StartTime: Sat Jul 13 11:08:12 2019"
"comp_condAALfit_Andre_plotsflt7mkt0_page1.png","Conditional AAL plot, whole catch, NWFSC West Coast Groundfish Bottom Trawl Survey (plot 1 of 6)
These plots show mean age and std. dev. in conditional A@L.<br>Left plots are mean A@L by size-class (obs. and pred.) with 90% CIs based on adding 1.64 SE of mean to the data.<br>Right plots in each pair are SE of mean A@L (obs. and pred.) with 90% CIs based on the chi-square distribution.","A@LComp",2019-07-14 16:03:18,"StartTime: Sat Jul 13 11:08:12 2019"
"comp_condAALfit_Andre_plotsflt7mkt0_page2.png","Conditional AAL plot, whole catch, NWFSC West Coast Groundfish Bottom Trawl Survey (plot 2 of 6)","A@LComp",2019-07-14 16:03:18,"StartTime: Sat Jul 13 11:08:12 2019"
"comp_condAALfit_Andre_plotsflt7mkt0_page3.png","Conditional AAL plot, whole catch, NWFSC West Coast Groundfish Bottom Trawl Survey (plot 3 of 6)","A@LComp",2019-07-14 16:03:18,"StartTime: Sat Jul 13 11:08:12 2019"
"comp_condAALfit_Andre_plotsflt7mkt0_page4.png","Conditional AAL plot, whole catch, NWFSC West Coast Groundfish Bottom Trawl Survey (plot 4 of 6)","A@LComp",2019-07-14 16:03:18,"StartTime: Sat Jul 13 11:08:12 2019"
"comp_condAALfit_Andre_plotsflt7mkt0_page5.png","Conditional AAL plot, whole catch, NWFSC West Coast Groundfish Bottom Trawl Survey (plot 5 of 6)","A@LComp",2019-07-14 16:03:18,"StartTime: Sat Jul 13 11:08:12 2019"
"comp_condAALfit_Andre_plotsflt7mkt0_page6.png","Conditional AAL plot, whole catch, NWFSC West Coast Groundfish Bottom Trawl Survey (plot 6 of 6)","A@LComp",2019-07-14 16:03:18,"StartTime: Sat Jul 13 11:08:12 2019"
"yield1_yield_curve.png","Yield curve","Yield",2019-07-14 16:03:18,"StartTime: Sat Jul 13 11:08:12 2019"
"yield2_Hilborn_surplus_production.png","Surplus production plot. For interpretation, see<br> <blockquote>Walters, Hilborn, and  Christensen, 2008, Surplus production dynamics in declining and recovering fish populations. <i>Can. J. Fish. Aquat. Sci.</i> 65: 2536-2551.</blockquote>","Yield",2019-07-14 16:03:18,"StartTime: Sat Jul 13 11:08:12 2019"
"data_plot.png","Data presence by year for each fleet and data type","Data",2019-07-14 16:03:18,"StartTime: Sat Jul 13 11:08:12 2019"
"data_plot2.png","Data presence by year for each fleet, where circle area is <br>  relative within a data type. Circles are proportional to <br>  total catch for catches; to precision for indices, discards, and <br>  mean body weight observations; and to total sample size for <br> compositions and mean weight- or length-at-age observations. <br> 'Ghost' observations (not included in the likelihood) have <br> equal size for all years. <br> Note that since the circles are are scaled relative <br>  to maximum within each type, the scaling within separate plots <br>  should not be compared.","Data",2019-07-14 16:03:18,"StartTime: Sat Jul 13 11:08:12 2019"
"parameterchecks.html","Table of estimated parameters sorted by parameters with the largest gradients; any parameter with a gradient value with an absolute value above 0.001 (for SS 3.30 models) or a parameter on bounds is colored in red.","DiagnosticTables",2019-07-14 16:03:18,"StartTime: Sat Jul 13 11:08:12 2019"
"correlationcheck.html","Table of estimated parameters with the ten highest correlation rates, sorted by highest correlations; any parameter with an absolute value of correlation above  is colored in red.","DiagnosticTables",2019-07-14 16:03:18,"StartTime: Sat Jul 13 11:08:12 2019"
"lowcorrelationcheck.html","Table of estimated parameters with the ten lowest correlation rates, sorted by lowest correlations; any parameter with an absolute value of correlation below  is colored in purple","DiagnosticTables",2019-07-14 16:03:18,"StartTime: Sat Jul 13 11:08:12 2019"
